id,Median_Income,per_capita_Income,Percent_below_Poverty
0,35995.0,64894.0,27.5
1,56169.0,64894.0,8.8
2,65999.0,64894.0,13.2
3,42866.0,64894.0,22.8
4,42781.0,64894.0,25.6
5,64351.0,64894.0,10.9
6,39691.0,64894.0,28.0
7,106082.0,64894.0,5.7
8,55211.0,64894.0,13.0
9,83542.0,64894.0,6.7
10,60448.0,64894.0,12.4
11,32974.0,64894.0,27.5
12,42099.0,64894.0,22.4
13,50470.0,64894.0,15.3
14,66209.0,64894.0,8.3
15,86278.0,64894.0,3.2
16,82891.0,64894.0,6.8
17,168271.0,64894.0,2.5
18,42565.0,64894.0,20.8
19,43510.0,64894.0,25.9
20,94684.0,64894.0,7.5
21,87707.0,64894.0,7.1
22,35568.0,64894.0,32.4
23,112339.0,64894.0,3.1
24,111784.0,64894.0,2.8
25,105332.0,64894.0,6.2
26,69039.0,64894.0,9.5
27,53635.0,64894.0,14.4
28,68107.0,64894.0,11.6
29,88144.0,64894.0,11.9
30,59846.0,64894.0,15.4
31,62755.0,61843.0,8.5
32,55849.0,61843.0,15.0
33,45384.0,61843.0,20.6
34,46974.0,54021.0,17.3
35,52598.0,54021.0,11.5
36,68811.0,50051.0,7.2
37,54384.0,50051.0,12.7
38,39515.0,50051.0,19.4
39,47182.0,50051.0,16.8
40,52990.0,50051.0,12.7
41,59297.0,50051.0,11.4
42,42654.0,50051.0,17.1
43,30714.0,50051.0,33.6
44,74980.0,50051.0,4.1
45,33761.0,50051.0,23.6
46,52062.0,50051.0,15.8
47,68339.0,50051.0,7.8
48,39942.0,50051.0,22.6
49,47063.0,50051.0,16.9
50,39229.0,50051.0,24.0
51,37195.0,50051.0,29.4
52,45894.0,50051.0,19.5
53,42238.0,50051.0,24.8
54,45070.0,60212.0,14.5
55,51114.0,60212.0,13.4
56,46322.0,60212.0,21.4
57,64204.0,60212.0,15.6
58,42067.0,60212.0,20.2
59,127656.0,60212.0,4.6
60,52939.0,60212.0,20.0
61,51777.0,60212.0,17.9
62,63572.0,60212.0,13.8
63,35545.0,60212.0,23.1
64,103690.0,60212.0,5.6
65,38073.0,60212.0,23.9
66,39023.0,60212.0,30.4
67,63478.0,60212.0,13.7
68,62477.0,60212.0,17.0
69,75912.0,60212.0,9.5
70,35616.0,60212.0,24.2
71,46102.0,60212.0,17.5
72,77015.0,60212.0,8.2
73,51897.0,60212.0,15.9
74,33244.0,60212.0,22.0
75,46415.0,60212.0,18.8
76,52723.0,60212.0,17.5
77,79357.0,60212.0,11.1
78,110524.0,60212.0,4.3
79,58625.0,59195.0,5.2
80,39506.0,59195.0,22.3
81,56297.0,59195.0,10.9
82,51337.0,59195.0,12.2
83,82274.0,59195.0,5.1
84,61058.0,59195.0,5.6
85,39371.0,59195.0,23.1
86,49846.0,59195.0,21.5
87,59446.0,59195.0,17.9
88,39150.0,59195.0,30.3
89,42472.0,59195.0,14.3
90,66489.0,59195.0,10.0
91,65481.0,59195.0,5.7
92,61897.0,59195.0,7.3
93,64454.0,59195.0,9.5
94,70887.0,59195.0,9.5
95,58625.0,59195.0,3.8
96,39966.0,59195.0,31.7
97,42685.0,59195.0,24.7
98,66953.0,59195.0,18.2
99,46140.0,59195.0,20.9
100,32543.0,59195.0,42.6
101,78516.0,59195.0,3.7
102,39777.0,59195.0,21.7
103,46829.0,59195.0,16.6
104,64174.0,59195.0,6.1
105,42892.0,59195.0,25.7
106,73785.0,59195.0,7.2
107,45851.0,59195.0,20.2
108,41197.0,59195.0,20.8
109,45676.0,59195.0,16.4
110,129413.0,59195.0,1.4
111,35904.0,59195.0,22.4
112,32744.0,59195.0,44.8
113,42284.0,59195.0,20.5
114,43779.0,59195.0,13.3
115,55262.0,59195.0,12.9
116,40601.0,59195.0,30.1
117,38831.0,59195.0,27.5
118,33222.0,63870.0,30.7
119,71263.0,63870.0,7.3
120,83829.0,63870.0,7.6
121,59021.0,63870.0,10.6
122,83308.0,63870.0,3.7
123,66740.0,63870.0,10.7
124,81219.0,63870.0,6.5
125,69487.0,63870.0,14.6
126,60922.0,63870.0,11.5
127,89881.0,63870.0,4.7
128,45380.0,63870.0,17.8
129,93559.0,63870.0,4.4
130,44517.0,63870.0,22.3
131,85309.0,63870.0,7.7
132,76131.0,63870.0,6.5
133,41363.0,63870.0,24.4
134,56833.0,50570.0,15.9
135,51786.0,50570.0,14.6
136,32694.0,50570.0,34.2
137,68187.0,50570.0,6.8
138,48561.0,50570.0,21.2
139,40976.0,50570.0,13.6
140,39750.0,50570.0,35.1
141,54958.0,50570.0,10.8
142,64714.0,50570.0,10.2
143,56766.0,50570.0,13.9
144,54014.0,50570.0,13.8
145,61707.0,50570.0,10.6
146,29037.0,50570.0,32.9
147,70466.0,50570.0,10.9
148,65467.0,50570.0,15.7
149,61979.0,50570.0,12.5
150,47047.0,50570.0,5.7
151,37029.0,50570.0,27.4
152,60859.0,50570.0,15.0
153,68192.0,50570.0,5.9
154,51244.0,50570.0,13.5
155,53562.0,50570.0,9.1
156,38339.0,50570.0,23.8
157,36952.0,50570.0,26.8
158,55163.0,50570.0,12.8
159,39265.0,50570.0,23.1
160,53354.0,50570.0,12.1
161,62630.0,50570.0,8.9
162,40047.0,50570.0,24.6
163,55838.0,50570.0,12.6
164,54005.0,50570.0,11.0
165,94273.0,51340.0,5.8
166,44271.0,51340.0,16.7
167,42236.0,51340.0,19.5
168,38810.0,51340.0,21.9
169,59475.0,51340.0,12.1
170,65370.0,51340.0,10.4
171,76447.0,51340.0,5.5
172,42341.0,51340.0,23.9
173,40048.0,51340.0,23.8
174,45027.0,59206.0,24.2
175,51263.0,59206.0,13.7
176,71326.0,59206.0,10.6
177,40088.0,59206.0,17.5
178,61002.0,59206.0,11.1
179,53492.0,59206.0,31.6
180,56042.0,59206.0,21.6
181,37776.0,59206.0,23.7
182,62293.0,59206.0,6.9
183,38749.0,59206.0,24.6
184,40175.0,59206.0,34.2
185,29901.0,59206.0,38.6
186,64703.0,59206.0,11.6
187,99461.0,59206.0,2.5
188,59154.0,59206.0,19.7
189,39349.0,59206.0,26.0
190,81358.0,59206.0,5.1
191,55159.0,59206.0,20.1
192,165407.0,59206.0,1.9
193,60931.0,59206.0,10.7
194,55510.0,59206.0,14.0
195,53605.0,59206.0,14.5
196,40338.0,59206.0,22.4
197,36969.0,59206.0,19.7
198,45816.0,59206.0,13.9
199,35030.0,59206.0,25.2
200,45515.0,59206.0,21.3
201,61284.0,59206.0,10.6
202,69846.0,59206.0,13.0
203,26486.0,59206.0,48.8
204,89151.0,59206.0,2.3
205,44624.0,59206.0,15.6
206,133521.0,59206.0,2.0
207,76472.0,59206.0,9.1
208,51537.0,59206.0,9.6
209,46330.0,59206.0,15.3
210,41094.0,59206.0,9.7
211,60205.0,59206.0,12.9
212,115306.0,59206.0,5.8
213,43587.0,59206.0,21.5
214,37828.0,59206.0,23.8
215,53312.0,59206.0,9.8
216,54683.0,59206.0,17.3
217,61125.0,59206.0,14.4
218,38230.0,59206.0,28.0
219,108767.0,59206.0,2.5
220,41397.0,59206.0,19.1
221,52086.0,59206.0,18.5
222,71818.0,59206.0,7.4
223,59518.0,59206.0,10.4
224,70365.0,59206.0,9.4
225,47415.0,59206.0,27.1
226,69154.0,59206.0,8.4
227,47577.0,59206.0,16.2
228,45404.0,59206.0,15.5
229,34862.0,59206.0,23.4
230,57901.0,59206.0,16.7
231,76573.0,59206.0,7.5
232,102974.0,59206.0,8.0
233,41369.0,59206.0,21.2
234,98593.0,59206.0,7.6
235,72100.0,59206.0,4.8
236,42736.0,59206.0,16.6
237,74529.0,59206.0,7.1
238,38956.0,59206.0,20.4
239,36463.0,59206.0,33.5
240,45764.0,59206.0,20.0
241,44231.0,59206.0,21.7
242,81630.0,59206.0,0.9
243,45003.0,59206.0,18.3
244,38171.0,59206.0,30.0
245,40022.0,59206.0,23.6
246,58814.0,59206.0,12.0
247,67307.0,59206.0,7.3
248,105806.0,59206.0,2.7
249,32033.0,59206.0,22.6
250,36987.0,59206.0,10.5
251,55404.0,59206.0,13.3
252,112199.0,59206.0,6.9
253,50095.0,59206.0,13.7
254,49863.0,59206.0,22.3
255,85857.0,59206.0,6.5
256,29439.0,59206.0,32.7
257,33239.0,59206.0,34.0
258,95208.0,59206.0,6.9
259,23078.0,59206.0,50.7
260,50538.0,59206.0,17.3
261,79444.0,59206.0,6.6
262,61519.0,59206.0,8.2
263,46100.0,59206.0,13.4
264,33967.0,59206.0,37.5
265,28863.0,59206.0,42.3
266,59853.0,59206.0,6.7
267,83440.0,59206.0,7.4
268,50828.0,59206.0,21.7
269,47832.0,59206.0,23.0
270,49748.0,59206.0,28.8
271,38084.0,59206.0,9.9
272,43950.0,59206.0,23.7
273,185312.0,59206.0,2.5
274,78007.0,59206.0,12.9
275,40762.0,59206.0,28.6
276,110798.0,59206.0,7.3
277,59765.0,59206.0,21.4
278,94983.0,59206.0,7.4
279,52022.0,59206.0,19.1
280,71381.0,59206.0,8.3
281,37455.0,59206.0,22.4
282,98786.0,59206.0,5.0
283,78258.0,59206.0,6.3
284,79823.0,68358.0,10.1
285,83689.0,68358.0,5.8
286,80049.0,68358.0,6.6
287,66950.0,68358.0,19.6
288,45382.0,68358.0,16.0
289,135842.0,71535.0,4.4
290,47520.0,71535.0,25.9
291,54311.0,71535.0,13.9
292,40372.0,71535.0,35.0
293,65331.0,71535.0,3.0
294,75408.0,71535.0,5.7
295,69786.0,71535.0,8.6
296,49592.0,71535.0,16.8
297,104614.0,71535.0,4.4
298,67185.0,71535.0,15.9
299,60060.0,71535.0,11.1
300,80714.0,71535.0,7.4
301,42977.0,71535.0,24.5
302,50992.0,70979.0,16.4
303,71291.0,70979.0,10.0
304,116845.0,70979.0,4.8
305,66510.0,70979.0,9.5
306,98233.0,70979.0,7.6
307,96012.0,70979.0,5.9
308,52103.0,70979.0,18.1
309,111480.0,70979.0,3.7
310,38061.0,70979.0,21.2
311,43158.0,70979.0,14.2
312,162686.0,70979.0,5.2
313,87546.0,70979.0,6.1
314,38631.0,70979.0,34.1
315,59105.0,70979.0,13.0
316,61804.0,70979.0,10.2
317,80424.0,70979.0,5.6
318,42039.0,70979.0,19.6
319,108210.0,70979.0,7.2
320,103309.0,70979.0,7.7
321,70156.0,70979.0,9.8
322,87338.0,70979.0,8.3
323,66451.0,70979.0,5.4
324,67757.0,70979.0,7.4
325,62303.0,70979.0,14.4
326,109590.0,70979.0,4.5
327,146624.0,70979.0,4.3
328,73816.0,70979.0,7.6
329,106552.0,70979.0,4.9
330,81269.0,70979.0,11.5
331,41215.0,70979.0,23.3
332,72400.0,70979.0,13.1
333,65673.0,70979.0,7.6
334,71271.0,70979.0,10.6
335,78703.0,70979.0,8.8
336,168758.0,70979.0,2.4
337,86822.0,70979.0,11.1
338,53066.0,70979.0,19.9
339,51856.0,70979.0,9.3
340,38409.0,70979.0,14.4
341,62788.0,70979.0,12.3
342,146479.0,70979.0,1.3
343,66819.0,70979.0,11.8
344,76481.0,70979.0,10.0
345,57164.0,70979.0,14.9
346,60611.0,70979.0,14.3
347,41792.0,70979.0,29.6
348,70325.0,70979.0,9.7
349,70365.0,70979.0,11.3
350,61079.0,70979.0,13.2
351,83401.0,70979.0,4.8
352,66759.0,70979.0,11.2
353,50037.0,70979.0,18.7
354,84847.0,70979.0,9.1
355,54431.0,70979.0,12.6
356,109456.0,70979.0,3.4
357,41121.0,70979.0,16.9
358,62851.0,70979.0,13.4
359,53453.0,64894.0,6.8
360,70674.0,64894.0,9.4
361,30275.0,64894.0,33.3
362,159034.0,64894.0,2.6
363,149681.0,64894.0,2.9
364,37397.0,64894.0,16.3
365,49653.0,64894.0,14.7
366,70648.0,64894.0,12.2
367,71152.0,64894.0,9.8
368,116802.0,64894.0,3.7
369,113531.0,64894.0,4.3
370,44434.0,64894.0,24.4
371,127849.0,64894.0,2.9
372,120341.0,64894.0,2.7
373,32610.0,64894.0,30.9
374,34429.0,64894.0,19.6
375,54315.0,64894.0,8.5
376,70146.0,64894.0,13.9
377,42233.0,64894.0,26.4
378,43767.0,64894.0,18.9
379,58494.0,64894.0,17.4
380,56962.0,64894.0,16.3
381,42625.0,64894.0,18.8
382,61660.0,64894.0,11.7
383,47324.0,64894.0,10.5
384,46333.0,64894.0,20.9
385,32235.0,64894.0,43.4
386,38927.0,64894.0,18.6
387,149681.0,64894.0,1.9
388,43956.0,64894.0,15.4
389,91779.0,64894.0,7.5
390,42661.0,64894.0,24.0
391,37991.0,64894.0,44.1
392,78329.0,64894.0,9.5
393,97420.0,64894.0,8.1
394,124983.0,64894.0,4.2
395,40506.0,64894.0,33.3
396,84516.0,64894.0,9.3
397,60879.0,64894.0,18.0
398,71136.0,80088.0,14.6
399,59520.0,80088.0,13.5
400,60658.0,80088.0,12.6
401,93080.0,80088.0,7.4
402,72234.0,80088.0,4.7
403,119585.0,80088.0,6.5
404,104248.0,80088.0,10.5
405,66264.0,80088.0,14.5
406,55629.0,80088.0,20.3
407,79594.0,80088.0,11.6
408,67075.0,80088.0,11.7
409,47092.0,80088.0,38.9
410,104491.0,80088.0,9.8
411,144030.0,80088.0,3.8
412,76825.0,80088.0,10.9
413,72062.0,80088.0,11.9
414,62633.0,80088.0,15.3
415,59097.0,80088.0,17.1
416,76991.0,80088.0,7.8
417,64509.0,80088.0,9.3
418,78193.0,80088.0,5.4
419,97235.0,80088.0,7.2
420,89595.0,80088.0,5.3
421,110293.0,80088.0,5.2
422,134193.0,80088.0,9.4
423,74700.0,80088.0,6.5
424,71085.0,80088.0,10.0
425,131283.0,80088.0,0.7
426,69259.0,80088.0,11.2
427,110951.0,80088.0,2.3
428,124962.0,80088.0,3.4
429,36723.0,80088.0,35.0
430,41367.0,80088.0,25.8
431,51906.0,80088.0,23.9
432,74240.0,80088.0,13.2
433,85689.0,80088.0,6.2
434,127205.0,80088.0,2.3
435,72294.0,80088.0,13.8
436,74755.0,80088.0,9.6
437,150428.0,80088.0,4.2
438,106558.0,80088.0,2.4
439,103557.0,80088.0,4.0
440,184802.0,80088.0,2.5
441,92057.0,80088.0,6.4
442,91661.0,80088.0,6.5
443,99665.0,80088.0,7.8
444,59371.0,80088.0,12.8
445,108044.0,80088.0,4.3
446,131164.0,80088.0,5.2
447,79654.0,80088.0,6.9
448,78850.0,80088.0,7.5
449,40468.0,80088.0,20.7
450,59731.0,80088.0,15.1
451,54030.0,80088.0,15.3
452,108951.0,80088.0,6.2
453,65857.0,80088.0,12.3
454,86296.0,80088.0,5.4
455,109861.0,80088.0,4.0
456,96753.0,80088.0,7.3
457,53299.0,80088.0,21.9
458,87916.0,80088.0,4.9
459,149458.0,80088.0,2.5
460,50456.0,46744.0,15.2
461,37087.0,46744.0,19.0
462,76104.0,46744.0,6.6
463,25442.0,46744.0,34.3
464,27365.0,46744.0,34.5
465,45364.0,46744.0,29.9
466,35691.0,46744.0,26.7
467,101455.0,46744.0,6.4
468,57572.0,46744.0,13.4
469,32083.0,46744.0,30.9
470,57349.0,46744.0,15.6
471,33627.0,46744.0,32.2
472,37310.0,54909.0,20.5
473,37310.0,54909.0,20.5
474,37310.0,54909.0,20.5
475,37310.0,54909.0,20.5
476,37522.0,54909.0,18.7
477,37522.0,54909.0,18.7
478,37522.0,54909.0,18.7
479,37522.0,54909.0,18.7
480,36174.0,54909.0,37.4
481,90004.0,54909.0,5.5
482,60943.0,54909.0,15.8
483,78402.0,54909.0,12.5
484,40850.0,54909.0,24.3
485,39055.0,54909.0,34.4
486,80279.0,54909.0,3.5
487,66822.0,54909.0,6.1
488,64668.0,54909.0,9.3
489,56968.0,54909.0,13.1
490,52404.0,54909.0,11.9
491,56799.0,54909.0,7.9
492,61692.0,54909.0,10.8
493,55465.0,54909.0,14.3
494,38678.0,54909.0,31.3
495,39404.0,43529.0,28.1
496,30201.0,43529.0,32.6
497,46819.0,43529.0,17.3
498,57260.0,53386.0,8.8
499,59266.0,59970.0,6.9
500,67146.0,59970.0,5.3
501,46815.0,59970.0,13.6
502,81234.0,59970.0,4.2
503,43535.0,59970.0,18.0
504,51700.0,59970.0,21.1
505,115693.0,73381.0,5.3
506,47643.0,73381.0,32.8
507,72181.0,73381.0,6.8
508,53526.0,73381.0,15.6
509,56068.0,73381.0,16.4
510,64762.0,73381.0,13.6
511,72982.0,73381.0,11.9
512,67784.0,73381.0,10.4
513,64779.0,73381.0,7.0
514,78387.0,80088.0,6.1
515,152473.0,80088.0,2.8
516,35291.0,80088.0,30.6
517,37923.0,80088.0,36.6
518,60529.0,80088.0,14.6
519,90333.0,80088.0,9.3
520,89680.0,80088.0,6.8
521,88609.0,80088.0,8.4
522,86277.0,80088.0,9.8
523,62770.0,80088.0,10.8
524,67328.0,80088.0,13.5
525,79419.0,80088.0,3.4
526,66768.0,80088.0,12.4
527,70387.0,80088.0,13.4
528,121048.0,80088.0,3.1
529,122164.0,80088.0,3.7
530,94466.0,80088.0,3.6
531,72358.0,80088.0,11.0
532,82310.0,80088.0,11.5
533,91531.0,80088.0,6.5
534,75468.0,80088.0,9.4
535,107543.0,80088.0,8.0
536,84209.0,80088.0,11.3
537,104040.0,80088.0,4.6
538,58265.0,80088.0,16.4
539,61927.0,80088.0,8.3
540,83894.0,80088.0,10.6
541,190942.0,80088.0,2.7
542,74392.0,80088.0,14.0
543,61662.0,80088.0,18.6
544,81630.0,77385.0,6.6
545,64441.0,77385.0,15.8
546,39644.0,77385.0,28.6
547,98275.0,77385.0,4.1
548,61212.0,77385.0,13.7
549,78893.0,77385.0,5.8
550,67760.0,77385.0,9.3
551,81049.0,77385.0,10.3
552,40330.0,77385.0,18.9
553,52098.0,77385.0,16.7
554,58378.0,77385.0,9.6
555,68107.0,77385.0,8.6
556,36234.0,77385.0,27.9
557,52440.0,77385.0,13.3
558,55205.0,77385.0,4.9
559,58917.0,77385.0,9.6
560,37313.0,54909.0,23.5
561,70499.0,54909.0,19.3
562,64296.0,54909.0,12.9
563,24822.0,54909.0,44.0
564,36755.0,54909.0,22.2
565,36710.0,54909.0,19.8
566,63736.0,54909.0,6.7
567,35222.0,54909.0,44.2
568,53611.0,54909.0,19.4
569,52312.0,54909.0,14.8
570,26901.0,54909.0,38.9
571,58337.0,54909.0,9.0
572,59705.0,54909.0,16.5
573,61211.0,54909.0,9.8
574,63260.0,54909.0,11.2
575,46361.0,54909.0,25.2
576,58113.0,54909.0,14.9
577,108986.0,54909.0,1.4
578,42271.0,54909.0,25.2
579,38376.0,54909.0,22.8
580,116314.0,80776.0,5.0
581,62058.0,80776.0,5.7
582,84866.0,80776.0,14.2
583,51409.0,80776.0,20.1
584,112883.0,80776.0,3.3
585,83897.0,80776.0,4.2
586,90155.0,80776.0,8.9
587,73759.0,80776.0,27.3
588,117955.0,80776.0,2.4
589,76940.0,80776.0,9.3
590,66297.0,80776.0,13.4
591,56612.0,80776.0,19.1
592,118528.0,80776.0,3.0
593,62593.0,80776.0,7.9
594,118871.0,80776.0,5.5
595,68114.0,80776.0,9.3
596,66683.0,80776.0,11.9
597,81240.0,80776.0,11.1
598,58417.0,80776.0,14.7
599,111453.0,80776.0,1.3
600,104517.0,80776.0,2.3
601,52811.0,80776.0,12.0
602,103050.0,80776.0,4.0
603,81240.0,80776.0,9.4
604,102487.0,80776.0,5.0
605,137486.0,80776.0,2.6
606,104057.0,80776.0,6.9
607,81240.0,80776.0,11.7
608,65967.0,80776.0,11.9
609,76005.0,80776.0,8.3
610,92029.0,80776.0,4.0
611,100636.0,80776.0,7.3
612,64322.0,77385.0,11.5
613,46457.0,77385.0,14.5
614,69977.0,77385.0,7.6
615,73914.0,77765.0,12.9
616,73946.0,77765.0,14.0
617,77417.0,77765.0,12.8
618,69420.0,62992.0,10.3
619,55147.0,62992.0,11.4
620,90691.0,62992.0,5.4
621,98989.0,62992.0,4.9
622,46607.0,62992.0,13.2
623,44216.0,62992.0,19.8
624,45710.0,62992.0,16.1
625,43736.0,62992.0,23.7
626,44636.0,54181.0,22.0
627,40497.0,56422.0,23.3
628,43207.0,56422.0,24.4
629,59264.0,56422.0,9.5
630,41544.0,56422.0,23.7
631,51605.0,56422.0,19.8
632,46690.0,56422.0,18.8
633,44329.0,56422.0,15.7
634,37321.0,56422.0,19.4
635,138187.0,56422.0,2.6
636,83576.0,56422.0,6.0
637,87052.0,56422.0,4.1
638,79070.0,56422.0,5.1
639,79120.0,56422.0,4.2
640,21106.0,46145.0,43.5
641,40796.0,46145.0,27.0
642,57131.0,46145.0,12.0
643,46911.0,46145.0,24.3
644,36299.0,46145.0,25.3
645,43063.0,46145.0,20.3
646,26323.0,46145.0,34.7
647,52662.0,46145.0,14.2
648,87709.0,46145.0,6.7
649,32281.0,46145.0,31.5
650,55940.0,46145.0,14.4
651,54829.0,46145.0,16.0
652,38835.0,46145.0,24.8
653,51629.0,46145.0,15.4
654,43939.0,46145.0,13.1
655,50639.0,46145.0,14.6
656,71753.0,46145.0,10.9
657,71518.0,46145.0,7.6
658,21318.0,46145.0,44.7
659,35123.0,46145.0,24.0
660,36999.0,46145.0,26.2
661,21435.0,46145.0,45.3
662,47274.0,46145.0,24.3
663,42691.0,46145.0,20.2
664,70561.0,46145.0,8.0
665,40448.0,46145.0,20.7
666,31270.0,46145.0,25.4
667,42658.0,46145.0,15.8
668,32983.0,46145.0,29.3
669,55879.0,46145.0,14.5
670,34865.0,46145.0,19.3
671,19478.0,46145.0,35.5
672,85347.0,46145.0,7.4
673,51887.0,56183.0,9.6
674,52113.0,56183.0,17.1
675,37777.0,56183.0,27.9
676,45962.0,56183.0,31.0
677,25515.0,56183.0,46.5
678,35004.0,56183.0,30.6
679,66803.0,56183.0,12.8
680,27243.0,56183.0,38.8
681,55238.0,56183.0,11.6
682,43265.0,56183.0,15.2
683,44937.0,56183.0,23.3
684,35036.0,56183.0,31.4
685,65833.0,56183.0,11.7
686,53124.0,56183.0,12.9
687,57994.0,56183.0,13.1
688,63100.0,56183.0,13.8
689,25636.0,56183.0,36.0
690,57800.0,56183.0,20.5
691,46053.0,56183.0,21.4
692,79710.0,56183.0,6.9
693,66188.0,56183.0,13.9
694,72343.0,56183.0,11.8
695,26661.0,56183.0,48.4
696,91149.0,56183.0,5.0
697,29979.0,56183.0,40.8
698,21613.0,56183.0,42.3
699,32997.0,56183.0,37.7
700,32690.0,56183.0,32.2
701,37920.0,56183.0,27.0
702,44786.0,56183.0,20.8
703,30468.0,56183.0,30.9
704,49508.0,56183.0,18.3
705,111410.0,77765.0,6.0
706,89362.0,77765.0,10.0
707,56582.0,77765.0,17.4
708,72995.0,77765.0,10.5
709,70634.0,77765.0,12.8
710,75648.0,77765.0,9.4
711,59090.0,77765.0,12.3
712,103348.0,77765.0,6.2
713,73481.0,77765.0,14.0
714,81284.0,77765.0,5.0
715,74933.0,77765.0,8.7
716,95095.0,77765.0,6.2
717,85908.0,77765.0,7.6
718,79657.0,77765.0,11.7
719,83648.0,77765.0,9.1
720,75688.0,77765.0,13.4
721,101788.0,77765.0,7.5
722,52903.0,77765.0,6.6
723,64598.0,77765.0,15.4
724,73147.0,77765.0,25.9
725,47340.0,69117.0,13.4
726,61443.0,69117.0,12.6
727,90030.0,69117.0,4.1
728,60731.0,69117.0,17.0
729,66599.0,69117.0,11.1
730,48426.0,69117.0,17.7
731,64330.0,69117.0,16.1
732,42466.0,69117.0,25.7
733,73832.0,69117.0,12.7
734,70971.0,69117.0,5.9
735,36124.0,69117.0,22.3
736,62573.0,69117.0,14.7
737,80017.0,69117.0,10.2
738,76550.0,69117.0,7.6
739,46961.0,74168.0,18.6
740,77485.0,74168.0,4.6
741,74670.0,74168.0,7.9
742,79425.0,74168.0,8.0
743,70113.0,74168.0,14.9
744,52416.0,74168.0,13.0
745,94577.0,74168.0,7.3
746,70895.0,74168.0,10.7
747,76222.0,74168.0,6.6
748,111924.0,74168.0,5.1
749,71678.0,74168.0,11.8
750,89045.0,74168.0,6.7
751,78298.0,74168.0,12.6
752,65399.0,74168.0,10.0
753,43574.0,74168.0,21.3
754,96623.0,74168.0,5.7
755,59278.0,74168.0,11.0
756,88228.0,74168.0,4.0
757,69356.0,74168.0,3.1
758,97202.0,74168.0,2.8
759,92502.0,74168.0,4.0
760,60607.0,74168.0,9.2
761,83599.0,74168.0,7.2
762,71756.0,74168.0,7.7
763,115165.0,74168.0,5.4
764,79725.0,74168.0,7.7
765,102668.0,74168.0,6.9
766,84779.0,74168.0,8.6
767,84002.0,74168.0,8.2
768,64367.0,74168.0,6.3
769,92550.0,74168.0,6.7
770,64912.0,74168.0,6.1
771,94535.0,74168.0,6.5
772,62916.0,74168.0,9.8
773,56996.0,74168.0,13.2
774,82026.0,74168.0,5.3
775,34111.0,74168.0,29.9
776,63135.0,74168.0,9.6
777,67545.0,74168.0,6.9
778,46789.0,74168.0,23.5
779,139823.0,74168.0,5.0
780,67691.0,62852.0,11.4
781,71600.0,71805.0,11.3
782,69154.0,71805.0,9.6
783,62340.0,71805.0,14.7
784,95176.0,71805.0,8.7
785,60420.0,71805.0,16.1
786,65614.0,71805.0,10.6
787,90811.0,71805.0,5.4
788,60420.0,71805.0,17.9
789,82731.0,71805.0,8.4
790,93222.0,71805.0,8.8
791,56034.0,71805.0,18.6
792,66058.0,71805.0,11.9
793,110484.0,71805.0,6.7
794,64088.0,71805.0,13.0
795,90034.0,71805.0,6.6
796,68095.0,71805.0,11.8
797,132699.0,71805.0,4.5
798,112643.0,71805.0,4.4
799,33267.0,71805.0,25.3
800,65053.0,71805.0,15.8
801,104715.0,71805.0,5.5
802,116966.0,71805.0,8.2
803,45747.0,71805.0,26.2
804,57065.0,71805.0,17.6
805,61025.0,71805.0,17.6
806,69820.0,71805.0,11.0
807,92269.0,71805.0,7.0
808,70326.0,71805.0,15.0
809,53349.0,71805.0,18.0
810,70579.0,71805.0,12.8
811,127141.0,71805.0,3.0
812,46510.0,71805.0,22.7
813,104551.0,71805.0,5.1
814,101743.0,71805.0,6.7
815,86556.0,71805.0,8.5
816,57850.0,71805.0,16.4
817,110816.0,71805.0,10.0
818,59598.0,71805.0,13.3
819,50503.0,71805.0,18.2
820,86090.0,71805.0,11.4
821,64923.0,71805.0,11.8
822,53117.0,71805.0,32.4
823,162504.0,71805.0,6.8
824,121098.0,71805.0,9.2
825,161870.0,71805.0,4.5
826,65655.0,71805.0,15.4
827,79740.0,71805.0,13.9
828,90961.0,71805.0,9.7
829,67696.0,71805.0,13.9
830,90088.0,71805.0,10.1
831,55685.0,71805.0,16.0
832,120090.0,71805.0,5.7
833,109721.0,71805.0,3.9
834,68890.0,71805.0,7.3
835,64968.0,71805.0,14.9
836,39719.0,71805.0,25.3
837,55085.0,71805.0,17.1
838,104993.0,71805.0,5.1
839,80804.0,71805.0,12.4
840,90200.0,71805.0,8.1
841,111132.0,71805.0,5.2
842,112132.0,71805.0,4.9
843,63012.0,71805.0,12.2
844,86229.0,71805.0,10.4
845,90536.0,71805.0,15.1
846,47572.0,71805.0,18.7
847,50355.0,71805.0,19.6
848,47958.0,71805.0,15.5
849,98823.0,71805.0,8.2
850,94459.0,71805.0,6.6
851,65006.0,71805.0,6.5
852,79507.0,71805.0,11.5
853,54632.0,71805.0,20.7
854,43620.0,71805.0,18.6
855,89173.0,71805.0,6.3
856,74422.0,71805.0,11.7
857,100338.0,71805.0,5.1
858,43651.0,71805.0,13.6
859,65006.0,71805.0,5.3
860,96178.0,71805.0,6.9
861,59836.0,71805.0,16.0
862,43879.0,71805.0,22.8
863,49550.0,71805.0,20.0
864,80425.0,71805.0,8.8
865,65493.0,71805.0,11.6
866,50997.0,71805.0,18.1
867,64482.0,71805.0,16.4
868,68130.0,71805.0,9.0
869,55776.0,71805.0,15.6
870,81170.0,71805.0,7.5
871,70805.0,71805.0,13.2
872,63558.0,71805.0,16.9
873,145035.0,71805.0,5.9
874,70993.0,71805.0,12.7
875,53910.0,71805.0,19.9
876,132952.0,71805.0,1.8
877,34930.0,71805.0,27.5
878,51497.0,71805.0,13.6
879,61488.0,71805.0,14.5
880,46965.0,71805.0,21.2
881,37270.0,69117.0,39.6
882,78703.0,69117.0,8.4
883,90939.0,69117.0,4.7
884,43971.0,71805.0,30.0
885,130510.0,71805.0,3.8
886,60420.0,71805.0,6.0
887,91221.0,71805.0,8.7
888,45300.0,71805.0,15.8
889,54130.0,71805.0,15.6
890,96714.0,71805.0,11.9
891,91014.0,71805.0,8.4
892,69158.0,71805.0,11.7
893,125611.0,71805.0,3.8
894,37927.0,71805.0,26.3
895,65788.0,71805.0,13.8
896,45994.0,71805.0,16.1
897,86702.0,71805.0,8.5
898,122430.0,71805.0,4.6
899,64017.0,71805.0,18.7
900,41075.0,71805.0,26.2
901,87309.0,71805.0,5.7
902,39801.0,71805.0,20.2
903,115564.0,71805.0,5.5
904,133015.0,71805.0,4.7
905,45695.0,71805.0,29.3
906,63005.0,71805.0,16.7
907,87120.0,71805.0,9.2
908,40599.0,71805.0,28.0
909,53030.0,71805.0,14.7
910,53926.0,71805.0,19.0
911,45278.0,71805.0,14.8
912,51456.0,71805.0,16.5
913,72000.0,71805.0,13.4
914,123115.0,71805.0,3.8
915,41834.0,71805.0,21.9
916,141634.0,71805.0,4.8
917,47983.0,71805.0,21.5
918,66790.0,71805.0,18.3
919,170978.0,71805.0,3.0
920,76028.0,71805.0,12.5
921,93117.0,71805.0,7.3
922,95879.0,71805.0,6.5
923,63945.0,71805.0,18.0
924,80059.0,71805.0,11.2
925,88247.0,71805.0,7.7
926,86217.0,71805.0,2.4
927,123858.0,71805.0,6.6
928,105120.0,71805.0,8.6
929,102386.0,71805.0,6.8
930,43015.0,71805.0,11.4
931,71829.0,71805.0,17.2
932,67988.0,71805.0,19.0
933,65110.0,71805.0,13.8
934,63027.0,71805.0,14.0
935,55297.0,71805.0,18.7
936,66432.0,71805.0,12.3
937,51298.0,71805.0,20.8
938,83697.0,71805.0,10.3
939,169781.0,71805.0,3.2
940,60197.0,71805.0,17.4
941,48411.0,71805.0,21.7
942,147924.0,71805.0,4.7
943,71880.0,71805.0,10.5
944,48812.0,71805.0,18.2
945,48182.0,71805.0,17.2
946,143065.0,71805.0,10.2
947,66608.0,71805.0,7.6
948,158639.0,71805.0,3.8
949,71324.0,71805.0,13.8
950,68075.0,71805.0,14.4
951,105736.0,71805.0,5.6
952,146748.0,71805.0,8.5
953,40573.0,71805.0,31.6
954,86217.0,71805.0,23.5
955,154155.0,71805.0,4.7
956,121419.0,71805.0,4.7
957,127984.0,71805.0,7.1
958,73061.0,71805.0,11.0
959,102787.0,71805.0,7.7
960,58722.0,71805.0,15.8
961,103248.0,71805.0,5.9
962,146853.0,71805.0,6.8
963,62198.0,71805.0,14.5
964,119481.0,71805.0,6.6
965,66011.0,71805.0,10.1
966,82249.0,71805.0,5.2
967,82361.0,71805.0,5.5
968,127104.0,71805.0,4.3
969,79485.0,71805.0,10.2
970,43239.0,71805.0,26.8
971,97708.0,71805.0,7.9
972,70346.0,71805.0,18.9
973,59303.0,71805.0,18.8
974,70796.0,71805.0,8.5
975,54156.0,71805.0,14.7
976,27233.0,71805.0,45.9
977,78711.0,71805.0,9.0
978,164337.0,71805.0,2.6
979,41388.0,71805.0,25.0
980,37721.0,71805.0,26.6
981,68994.0,71805.0,13.7
982,91038.0,71805.0,6.7
983,118079.0,71805.0,4.9
984,59165.0,71805.0,12.5
985,50609.0,71805.0,18.5
986,153802.0,71805.0,6.0
987,52273.0,71805.0,20.3
988,33302.0,71805.0,40.8
989,32292.0,45869.0,31.7
990,42405.0,45869.0,19.4
991,63024.0,45869.0,7.0
992,77666.0,45869.0,5.9
993,31359.0,45869.0,26.7
994,40579.0,45869.0,19.1
995,40156.0,45869.0,19.3
996,39042.0,45869.0,22.7
997,39875.0,45869.0,24.6
998,39376.0,45869.0,24.2
999,31514.0,45869.0,31.1
1000,43284.0,45869.0,20.6
1001,36413.0,71805.0,38.5
1002,124282.0,71805.0,7.4
1003,89979.0,71805.0,8.1
1004,112026.0,71805.0,4.6
1005,94581.0,71805.0,10.6
1006,99679.0,71805.0,8.3
1007,70395.0,71805.0,15.9
1008,55951.0,71805.0,20.0
1009,91495.0,71805.0,3.6
1010,32826.0,71805.0,37.2
1011,79883.0,71805.0,6.0
1012,36085.0,71805.0,27.5
1013,77300.0,71805.0,7.5
1014,152564.0,71805.0,3.5
1015,40079.0,71805.0,36.3
1016,61504.0,71805.0,16.4
1017,67472.0,71805.0,12.0
1018,41748.0,71805.0,23.4
1019,41560.0,71805.0,29.7
1020,100685.0,71805.0,7.2
1021,49054.0,71805.0,16.8
1022,71366.0,71805.0,8.6
1023,45830.0,71805.0,28.1
1024,95026.0,71805.0,7.3
1025,65139.0,71805.0,18.4
1026,121609.0,71805.0,7.7
1027,40080.0,71805.0,25.3
1028,44315.0,71805.0,29.9
1029,52762.0,71805.0,12.1
1030,37413.0,71805.0,37.9
1031,101310.0,71805.0,8.1
1032,74677.0,71805.0,12.7
1033,103747.0,71805.0,6.5
1034,69552.0,71805.0,11.8
1035,72999.0,71805.0,7.7
1036,65006.0,71805.0,5.6
1037,108527.0,71805.0,5.1
1038,45622.0,71805.0,20.7
1039,105426.0,71805.0,5.0
1040,99763.0,71805.0,9.0
1041,72396.0,71805.0,13.6
1042,43547.0,71805.0,29.0
1043,77273.0,71805.0,11.5
1044,58774.0,71805.0,9.7
1045,32705.0,71805.0,35.9
1046,36070.0,71805.0,28.0
1047,58045.0,71805.0,23.7
1048,43729.0,71805.0,35.6
1049,107573.0,71805.0,5.3
1050,146762.0,71805.0,3.9
1051,78904.0,71805.0,13.8
1052,81898.0,71805.0,10.8
1053,72779.0,71805.0,9.1
1054,92687.0,71805.0,7.4
1055,171091.0,71805.0,4.7
1056,90888.0,71805.0,6.0
1057,95127.0,71805.0,7.6
1058,36018.0,71805.0,36.8
1059,100714.0,71805.0,6.2
1060,55368.0,71805.0,13.3
1061,41583.0,71805.0,26.8
1062,125263.0,71805.0,7.3
1063,75921.0,71805.0,12.4
1064,28488.0,71805.0,49.5
1065,50312.0,71805.0,21.3
1066,45948.0,71805.0,24.9
1067,104455.0,71805.0,8.9
1068,134172.0,71805.0,4.2
1069,51730.0,71805.0,19.7
1070,99021.0,71805.0,8.7
1071,80273.0,71805.0,10.2
1072,113794.0,71805.0,8.0
1073,89404.0,71805.0,7.7
1074,99573.0,71805.0,11.7
1075,112108.0,71805.0,7.6
1076,71177.0,71805.0,10.9
1077,62210.0,71805.0,12.0
1078,60963.0,71805.0,15.3
1079,66853.0,48123.0,8.9
1080,33486.0,48123.0,27.6
1081,37384.0,48123.0,17.3
1082,29453.0,48123.0,23.5
1083,32966.0,48123.0,25.6
1084,41863.0,48123.0,18.7
1085,43425.0,48123.0,19.8
1086,47118.0,48123.0,16.7
1087,69216.0,48123.0,11.7
1088,27864.0,48123.0,28.2
1089,34632.0,48123.0,29.3
1090,44714.0,48123.0,13.3
1091,52884.0,48123.0,12.9
1092,40316.0,48123.0,20.8
1093,54056.0,48123.0,10.2
1094,34185.0,48123.0,26.4
1095,40090.0,48123.0,24.0
1096,61269.0,48123.0,13.2
1097,48588.0,48123.0,15.4
1098,57749.0,48123.0,8.9
1099,54321.0,48123.0,16.0
1100,78684.0,48123.0,5.4
1101,36032.0,48123.0,26.9
1102,30143.0,48123.0,25.7
1103,49456.0,48123.0,11.4
1104,47243.0,48123.0,22.2
1105,49754.0,48123.0,18.3
1106,47560.0,48123.0,12.2
1107,48834.0,56581.0,20.7
1108,52845.0,56581.0,18.3
1109,55108.0,56581.0,18.5
1110,40566.0,56581.0,19.3
1111,45692.0,56581.0,22.2
1112,53312.0,56581.0,18.5
1113,52438.0,56581.0,9.4
1114,46296.0,56581.0,13.9
1115,46385.0,56581.0,20.1
1116,39040.0,56581.0,35.7
1117,56059.0,56581.0,13.9
1118,42311.0,56581.0,13.0
1119,84530.0,56581.0,5.5
1120,46136.0,56581.0,20.0
1121,87481.0,56581.0,9.0
1122,24557.0,56581.0,35.3
1123,48993.0,56581.0,12.4
1124,73966.0,56581.0,7.5
1125,45087.0,56581.0,8.0
1126,179001.0,56581.0,6.2
1127,49238.0,56581.0,15.8
1128,87388.0,56581.0,7.8
1129,74419.0,56581.0,6.4
1130,52788.0,56581.0,7.1
1131,88407.0,56581.0,7.8
1132,63195.0,56581.0,9.6
1133,46769.0,56581.0,20.3
1134,62019.0,56581.0,14.9
1135,38599.0,56581.0,29.2
1136,59464.0,56581.0,5.9
1137,51986.0,56581.0,22.1
1138,53190.0,56581.0,23.9
1139,55323.0,56581.0,33.5
1140,41613.0,56581.0,22.1
1141,43509.0,56581.0,13.5
1142,31777.0,56581.0,24.1
1143,46289.0,45869.0,14.3
1144,36779.0,45869.0,28.2
