id,Median_Age,population,population_change,Population_Density,popden_norm
0,38.6,48460.0,-12.8,3448.0,49.7
1,44.3,30475.0,-8.4,3017.0,54.7
2,42.1,7040.0,4.5,9143.0,4.6
3,40.8,13711.0,-10.7,2312.0,62.8
4,22.1,14057.0,5.8,3207.0,52.5
5,37.1,25403.0,5.8,7898.0,9.4
6,35.4,17465.0,-2.7,2280.0,63.1
7,42.0,15876.0,2.1,2320.0,62.7
8,40.0,24272.0,8.2,5613.0,26.0
9,43.2,7080.0,15.0,107.0,60.7
10,36.8,29711.0,6.6,12607.0,0.3
11,21.6,9688.0,2.8,2208.0,63.9
12,37.7,30614.0,2.5,5951.0,22.8
13,34.7,9264.0,19.4,3079.0,54.0
14,42.8,6075.0,-4.4,305.0,62.9
15,43.4,8530.0,6.8,242.0,62.2
16,40.4,28027.0,7.0,986.0,70.2
17,43.4,18079.0,1.4,2724.0,58.1
18,38.1,65625.0,6.2,6050.0,22.0
19,29.4,32724.0,28.5,15579.0,0.0
20,41.6,12147.0,3.4,2208.0,63.9
21,42.5,10995.0,-0.1,5261.0,29.4
22,30.7,143396.0,-2.7,5715.0,25.0
23,45.5,6613.0,-2.1,2371.0,62.1
24,40.7,11572.0,4.3,3887.0,44.5
25,45.6,9107.0,-1.7,2131.0,64.8
26,30.7,28043.0,5.7,537.0,65.4
27,40.1,13157.0,2.1,101.0,60.6
28,33.6,10388.0,0.9,6731.0,16.5
29,38.5,59047.0,11.2,6025.0,22.2
30,38.7,202019.0,3.0,11176.0,1.1
31,37.3,72865.0,31.2,2710.0,58.3
32,42.3,7293.0,1.0,1161.0,71.9
33,29.2,57056.0,15.7,2965.0,55.3
34,37.7,6509.0,-0.4,1242.0,72.7
35,41.6,6437.0,-0.5,1107.0,71.4
36,36.8,108303.0,44.7,2407.0,61.7
37,35.1,7024.0,28.9,1009.0,70.4
38,36.3,16276.0,2.7,901.0,69.3
39,36.1,18729.0,18.0,1557.0,70.8
40,31.8,9668.0,35.4,1276.0,73.0
41,31.9,13814.0,70.1,1485.0,71.5
42,55.1,7060.0,37.6,783.0,68.0
43,35.4,6879.0,-1.1,432.0,64.3
44,34.2,22578.0,136.2,1574.0,70.6
45,35.4,37858.0,-1.2,1014.0,70.4
46,34.2,643648.0,27.2,1060.0,70.9
47,33.8,36215.0,95.7,3610.0,47.8
48,35.3,6169.0,-1.4,739.0,67.6
49,37.0,24220.0,-6.6,1337.0,73.0
50,36.2,8866.0,11.7,310.0,62.9
51,36.9,8489.0,6.3,668.0,66.8
52,35.5,401800.0,2.2,2200.0,64.0
53,37.2,8904.0,16.1,1279.0,73.1
54,43.6,9783.0,-0.8,1416.0,72.2
55,38.1,18234.0,46.0,5946.0,22.9
56,41.9,16295.0,6.0,1539.0,71.0
57,36.2,9139.0,90.5,3562.0,48.3
58,38.3,37579.0,63.4,4955.0,32.6
59,38.6,21196.0,369.0,7853.0,9.6
60,30.9,17428.0,32.5,2697.0,58.4
61,34.8,7686.0,31.8,3743.0,46.2
62,38.2,39315.0,22.1,5440.0,27.6
63,35.1,21359.0,9.7,1196.0,72.3
64,46.8,39196.0,11.1,3788.0,45.7
65,33.9,6839.0,34.7,3134.0,53.4
66,33.5,7027.0,8.6,3730.0,46.4
67,34.4,9218.0,63.2,4798.0,34.3
68,33.4,23609.0,30.7,4704.0,35.3
69,38.2,36360.0,41.2,4467.0,37.9
70,40.4,10055.0,36.7,1512.0,71.3
71,43.5,22321.0,11.5,2421.0,61.6
72,37.4,7262.0,45.9,2948.0,55.5
73,34.9,8129.0,19.3,3012.0,54.8
74,40.7,6492.0,16.2,5150.0,30.6
75,38.8,9469.0,39.2,31.0,59.8
76,39.3,19517.0,61.2,76.0,60.3
77,38.7,27478.0,20.6,3531.0,48.7
78,42.7,26703.0,20.0,3615.0,47.7
79,45.5,21552.0,11.5,1959.0,66.6
80,38.5,44098.0,-11.0,4514.0,37.4
81,43.2,6954.0,11.8,413.0,64.1
82,42.5,6308.0,-1.4,3462.0,49.5
83,46.3,32404.0,-3.4,2771.0,57.6
84,40.6,7152.0,13.5,4006.0,43.2
85,44.9,8447.0,-13.8,2608.0,59.4
86,36.0,7898.0,-5.9,4780.0,34.5
87,37.6,6596.0,0.1,5212.0,29.9
88,40.5,6611.0,-22.1,2392.0,61.9
89,44.7,5913.0,-10.8,3254.0,52.0
90,41.9,9950.0,-0.4,4013.0,43.1
91,53.7,8315.0,1.1,3863.0,44.8
92,41.5,11454.0,1.2,3968.0,43.6
93,40.8,8466.0,1.2,4419.0,38.5
94,36.1,6763.0,40.2,5088.0,31.2
95,46.2,8981.0,9.0,3249.0,52.0
96,31.9,49192.0,0.5,6065.0,21.8
97,36.4,24723.0,6.0,4138.0,41.6
98,41.0,14257.0,11.6,990.0,70.2
99,33.0,6964.0,0.7,2020.0,66.0
100,22.5,13149.0,-11.7,7451.0,11.8
101,43.7,10982.0,-28.1,161.0,61.3
102,41.6,10279.0,-6.2,2931.0,55.7
103,42.3,10603.0,-2.7,1308.0,73.3
104,48.1,6445.0,-6.7,3963.0,43.7
105,38.0,9863.0,-14.3,2185.0,64.2
106,42.5,8555.0,-3.1,3304.0,51.4
107,33.3,302407.0,-9.6,5440.0,27.6
108,41.6,7694.0,-5.1,4816.0,34.1
109,43.9,13625.0,-12.4,3240.0,52.1
110,48.3,6563.0,-1.7,1498.0,71.4
111,36.8,77605.0,1.6,3076.0,54.0
112,22.5,42430.0,10.4,9342.0,4.1
113,38.1,6747.0,-6.0,686.0,67.0
114,43.5,5934.0,-8.4,1136.0,71.7
115,45.7,19839.0,-11.7,1401.0,72.4
116,34.0,40806.0,-5.4,5958.0,22.8
117,30.8,28462.0,-7.3,3204.0,52.5
118,29.1,19359.0,2.3,16008.0,0.0
119,38.6,81202.0,2.4,2842.0,56.8
120,42.5,33506.0,5.2,1251.0,72.8
121,42.7,47600.0,-2.2,3551.0,48.5
122,50.6,8658.0,0.4,1661.0,69.8
123,43.9,28769.0,2.0,1216.0,72.5
124,42.8,16150.0,-6.8,1244.0,72.7
125,36.1,24942.0,-5.8,3143.0,53.3
126,41.2,32691.0,44.8,5770.0,24.5
127,45.5,11967.0,12.7,498.0,65.0
128,35.1,72001.0,-1.3,8242.0,7.8
129,44.8,17389.0,1.4,749.0,67.7
130,32.0,180393.0,3.9,9769.0,3.1
131,42.0,21430.0,4.0,806.0,68.3
132,49.7,7557.0,3.8,1814.0,68.2
133,37.8,41759.0,-3.4,5419.0,27.8
134,47.4,30721.0,21.2,1899.0,67.3
135,34.5,8468.0,34.7,125.0,60.9
136,38.8,8038.0,-14.7,1438.0,72.0
137,36.5,21085.0,1553.7,620.0,66.3
138,31.5,14086.0,15.9,1292.0,73.2
139,35.8,8326.0,7.4,56.0,60.1
140,37.4,6444.0,2.0,1337.0,73.0
141,34.6,8688.0,44.4,1576.0,70.6
142,32.2,42619.0,45.9,1345.0,72.9
143,37.0,6304.0,24.8,217.0,61.9
144,34.3,30899.0,83.5,1916.0,67.1
145,35.6,24885.0,92.4,2471.0,61.0
146,36.5,7626.0,0.9,1531.0,71.1
147,57.1,40055.0,18.3,952.0,69.8
148,42.2,13999.0,13.6,147.0,61.1
149,34.1,13790.0,4.0,1602.0,70.4
150,58.5,8960.0,27.5,857.0,68.8
151,33.5,7123.0,12.4,81.0,60.4
152,38.0,7434.0,18.4,579.0,65.9
153,37.6,25130.0,65.1,2917.0,55.9
154,34.5,10933.0,83.7,2449.0,61.2
155,55.7,7547.0,36.7,1028.0,70.6
156,43.7,32795.0,44.1,1954.0,66.7
157,34.0,10302.0,-2.6,1567.0,70.7
158,40.3,22930.0,30.5,1333.0,73.0
159,34.5,110861.0,39.2,1894.0,67.3
160,59.8,16310.0,48.6,1251.0,72.8
161,36.3,10205.0,20.4,101.0,60.6
162,35.2,37498.0,-5.5,1958.0,66.6
163,38.1,21617.0,7.4,1991.0,66.3
164,32.6,7542.0,96.1,87.0,60.4
165,36.5,9201.0,184.4,1379.0,72.6
166,36.9,7818.0,40.2,149.0,61.1
167,36.3,15509.0,26.7,942.0,69.7
168,40.8,16473.0,-5.6,1094.0,71.2
169,43.3,16867.0,22.4,1208.0,72.4
170,32.1,35717.0,91.1,1440.0,72.0
171,33.1,11822.0,53.2,114.0,60.7
172,32.5,9199.0,34.9,1483.0,71.6
173,34.4,21532.0,33.7,1392.0,72.5
174,35.1,18949.0,-0.3,1592.0,70.5
175,34.3,199826.0,15.1,2224.0,63.7
176,35.4,19544.0,7.8,1850.0,67.8
177,41.9,8265.0,1.6,770.0,67.9
178,43.8,12495.0,30.2,1524.0,71.1
179,33.1,8619.0,23.8,3423.0,50.0
180,33.4,76804.0,15.6,2352.0,62.3
181,32.6,12937.0,-1.5,2118.0,64.9
182,38.1,16056.0,159.9,2758.0,57.7
183,38.6,10193.0,2.0,1089.0,71.2
184,40.2,6355.0,34.2,930.0,69.6
185,27.8,6321.0,23.2,2087.0,65.2
186,47.7,21262.0,26.0,147.0,61.1
187,33.1,75704.0,190.6,4461.0,38.0
188,31.0,38289.0,29.0,2362.0,62.2
189,32.5,6076.0,-10.4,737.0,67.6
190,34.4,29249.0,863.7,5489.0,27.2
191,32.6,11634.0,11.6,2175.0,64.3
192,48.2,26674.0,35.8,2037.0,65.8
193,31.7,84378.0,129.2,2233.0,63.7
194,34.1,32706.0,10.5,2349.0,62.4
195,35.3,325605.0,17.4,2106.0,65.0
196,36.0,23683.0,-3.3,1142.0,71.7
197,38.8,8292.0,26.2,1680.0,69.6
198,33.7,8346.0,15.3,1945.0,66.8
199,31.1,28945.0,29.1,3913.0,44.2
200,36.3,11751.0,7.4,1574.0,70.6
201,35.9,6408.0,30.6,141.0,61.0
202,35.3,55174.0,19.9,3392.0,50.3
203,29.2,8257.0,2.7,2238.0,63.6
204,32.2,12090.0,2332.6,2556.0,60.0
205,45.2,7572.0,29.0,1593.0,70.4
206,41.6,76681.0,51.2,1876.0,67.5
207,30.2,20336.0,263.9,2593.0,59.6
208,22.8,8591.0,4.0,1393.0,72.4
209,22.9,29589.0,-12.2,1980.0,66.4
210,35.4,8356.0,6.5,1631.0,70.1
211,32.9,874168.0,63.5,2988.0,55.1
212,40.9,39839.0,37.2,1895.0,67.3
213,30.4,10989.0,3.7,2204.0,64.0
214,45.6,6408.0,5.4,552.0,65.6
215,50.0,9923.0,73.5,1793.0,68.4
216,32.9,44417.0,13.8,3584.0,48.1
217,33.3,31075.0,79.5,2435.0,61.4
218,31.2,65467.0,13.7,1922.0,67.0
219,44.0,9169.0,114.0,2170.0,64.3
220,30.9,9305.0,17.8,971.0,70.0
221,34.1,15997.0,9.7,1621.0,70.2
222,31.8,25367.0,1929.4,26338.0,0.0
223,33.2,8906.0,7.5,79.0,60.3
224,36.4,18282.0,55.3,1714.0,69.2
225,34.1,7322.0,12.8,1103.0,71.3
226,41.1,8338.0,42.5,1380.0,72.6
227,48.0,23386.0,14.5,1400.0,72.4
228,28.7,145482.0,67.4,4116.0,41.9
229,36.4,7364.0,20.4,3703.0,46.7
230,40.7,16766.0,22.5,1179.0,72.1
231,37.2,7958.0,29.1,3476.0,49.3
232,36.6,27473.0,4.1,1443.0,72.0
233,37.9,7826.0,15.3,1265.0,72.9
234,33.6,104903.0,130.8,2047.0,65.7
235,33.7,49234.0,548.2,6587.0,17.6
236,32.4,13628.0,5.9,1373.0,72.6
237,33.4,46548.0,1176.7,9594.0,3.5
238,34.1,5988.0,-8.0,999.0,70.3
239,28.8,7830.0,73.5,3243.0,52.1
240,30.0,253888.0,27.2,2211.0,63.9
241,35.4,35837.0,9.6,1342.0,72.9
242,33.1,9212.0,582.4,2009.0,66.1
243,32.8,7520.0,10.2,303.0,62.9
244,25.0,33614.0,12.4,1333.0,73.0
245,36.0,7607.0,12.0,1243.0,72.7
246,34.9,79152.0,116.9,2706.0,58.3
247,41.7,70441.0,26.6,3869.0,44.8
248,34.7,119940.0,218.7,3050.0,54.3
249,30.7,10345.0,44.5,2450.0,61.2
250,34.0,9922.0,4.4,1358.0,72.8
251,30.7,8683.0,11.7,1958.0,66.6
252,38.1,63359.0,287.9,5588.0,26.2
253,34.6,9456.0,9.9,59.0,60.1
254,36.2,12212.0,1.5,1248.0,72.8
255,34.5,20312.0,868.6,4103.0,42.0
256,31.6,14518.0,21.8,1914.0,67.1
257,32.0,11385.0,-10.5,943.0,69.7
258,37.6,44208.0,145.9,1984.0,66.4
259,37.3,11425.0,18.8,4146.0,41.6
260,32.1,37661.0,56.6,1773.0,68.6
261,33.7,123678.0,102.3,4732.0,35.0
262,29.3,12567.0,325.0,1232.0,72.6
263,34.0,100119.0,13.2,1791.0,68.4
264,32.2,24528.0,4.6,2229.0,63.7
265,25.6,13603.0,23.1,1370.0,72.7
266,32.3,8255.0,82.1,2625.0,59.2
267,36.5,40092.0,114.5,1621.0,70.2
268,31.5,6488.0,23.6,939.0,69.7
269,36.3,28983.0,31.7,1524.0,71.1
270,39.3,6724.0,5.2,893.0,69.2
271,36.4,5967.0,-2.3,1100.0,71.3
272,29.4,17543.0,10.8,5796.0,24.2
273,42.7,31824.0,47.9,1454.0,71.8
274,33.6,54298.0,49.2,2268.0,63.3
275,24.9,20797.0,39.4,2074.0,65.4
276,41.3,88485.0,39.7,3674.0,47.0
277,37.3,48558.0,16.9,779.0,68.0
278,34.9,42721.0,61.0,3127.0,53.4
279,38.1,11707.0,28.8,1153.0,71.8
280,37.2,20532.0,38.3,3634.0,47.5
281,31.6,16298.0,9.2,2424.0,61.5
282,47.4,8825.0,1.1,1338.0,73.0
283,34.1,49826.0,229.3,2572.0,59.8
284,27.7,29527.0,34.6,3917.0,44.2
285,35.1,44107.0,6.8,3274.0,51.7
286,20.5,32204.0,1393.0,772.0,67.9
287,25.7,8626.0,54.3,1646.0,69.9
288,31.4,10291.0,33.4,2246.0,63.5
289,36.0,43511.0,104.0,2003.0,66.2
290,30.6,48019.0,6.6,4679.0,35.6
291,32.5,18413.0,90.5,2736.0,58.0
292,22.3,7831.0,14.4,1124.0,71.5
293,43.5,7462.0,49.3,568.0,65.8
294,37.4,14774.0,17.6,1670.0,69.7
295,45.5,9402.0,-0.3,1122.0,71.5
296,43.9,11285.0,-2.6,585.0,65.9
297,34.7,9771.0,172.6,4123.0,41.8
298,36.7,7571.0,63.2,2432.0,61.4
299,41.1,9235.0,10.4,466.0,64.7
300,39.2,9875.0,48.1,2332.0,62.6
301,49.1,7998.0,2.5,560.0,65.7
302,33.8,8166.0,81.5,1675.0,69.6
303,49.2,16953.0,16.5,1439.0,72.0
304,47.7,24522.0,20.8,888.0,69.1
305,42.5,6221.0,58.1,138.0,61.0
306,34.3,20675.0,113.4,3801.0,45.5
307,37.0,45533.0,51.0,3778.0,45.8
308,32.8,41041.0,10.2,1811.0,68.2
309,40.0,23331.0,86.1,2139.0,64.7
310,32.2,7533.0,6.7,1344.0,72.9
311,35.6,9258.0,18.4,3828.0,45.2
312,36.3,7813.0,69.3,3420.0,50.0
313,47.0,42209.0,6.8,4740.0,34.9
314,24.0,20326.0,31.9,3084.0,53.9
315,41.1,11784.0,6.0,3014.0,54.8
316,36.9,96690.0,16.1,4598.0,36.5
317,44.9,9507.0,47.1,2184.0,64.2
318,45.0,8500.0,-6.6,927.0,69.5
319,37.1,37487.0,234.3,4450.0,38.1
320,39.5,22867.0,22.4,3708.0,46.6
321,35.6,49748.0,59.3,3119.0,53.5
322,33.8,32785.0,415.4,15214.0,0.0
323,35.5,9893.0,112.3,2318.0,62.7
324,40.4,14259.0,58.1,3492.0,49.2
325,39.9,38273.0,13.1,5011.0,32.0
326,35.7,25758.0,81.3,4746.0,34.8
327,45.4,25261.0,14.6,3957.0,43.7
328,37.0,21337.0,4.8,5278.0,29.2
329,44.8,21469.0,19.1,3387.0,50.4
330,35.5,7983.0,112.3,2913.0,55.9
331,39.6,19872.0,8.0,1969.0,66.5
332,35.5,13997.0,81.9,3479.0,49.3
333,40.5,10670.0,56.6,3323.0,51.1
334,38.4,41001.0,24.2,3377.0,50.5
335,36.7,101379.0,102.5,5954.0,22.8
336,38.6,64548.0,89.3,3575.0,48.2
337,35.6,724745.0,28.6,8641.0,6.2
338,34.1,11838.0,36.7,3483.0,49.3
339,35.6,7859.0,24.5,1799.0,68.3
340,59.0,7108.0,64.0,1346.0,72.9
341,37.3,10089.0,18.8,4001.0,43.2
342,34.6,13500.0,727.7,2626.0,59.2
343,34.2,27227.0,26.1,3269.0,51.8
344,42.0,6337.0,4.8,3056.0,54.3
345,35.9,213418.0,10.3,4261.0,40.2
346,38.5,6069.0,6.7,68.0,60.2
347,26.0,8906.0,-0.4,4741.0,34.9
348,38.4,22973.0,80.9,2309.0,62.8
349,37.3,33401.0,11.6,3983.0,43.4
350,37.1,175673.0,22.4,4105.0,42.0
351,53.4,10624.0,4.9,287.0,62.7
352,36.6,10224.0,67.4,3314.0,51.2
353,35.3,32854.0,10.7,3038.0,54.5
354,39.9,15711.0,82.8,3170.0,52.9
355,35.8,33962.0,21.9,4937.0,32.8
356,38.2,11997.0,30.5,2127.0,64.8
357,32.5,93667.0,30.4,4654.0,35.8
358,29.5,9125.0,177.4,1621.0,70.2
359,47.8,7885.0,11.8,2562.0,60.0
360,40.6,14289.0,3.5,2992.0,55.0
361,36.4,45179.0,-4.6,4328.0,39.5
362,46.6,8021.0,4.2,1354.0,72.8
363,41.8,6547.0,0.1,6873.0,15.5
364,31.2,1383871.0,20.3,32928.0,0.0
365,43.2,10289.0,-8.7,2236.0,63.6
366,39.9,31632.0,13.0,653.0,66.7
367,38.9,58206.0,-1.0,1212.0,72.4
368,42.1,36705.0,11.2,756.0,67.8
369,43.4,8363.0,0.7,2655.0,58.9
370,28.1,18698.0,-0.2,4768.0,34.6
371,40.6,11147.0,4.9,4565.0,36.8
372,44.3,19554.0,5.3,5838.0,23.9
373,33.6,27773.0,-10.2,3797.0,45.6
374,39.5,12828.0,-1.6,4089.0,42.2
375,45.6,11446.0,-2.2,3109.0,53.6
376,43.6,9041.0,-3.1,243.0,62.2
377,38.5,11324.0,-4.5,2964.0,55.3
378,30.0,12886.0,-5.4,3028.0,54.6
379,40.6,9450.0,7.3,206.0,61.8
380,33.3,12216.0,20.7,6132.0,21.3
381,40.8,7380.0,-1.6,3058.0,54.2
382,42.6,6924.0,2.4,110.0,60.7
383,42.7,6460.0,0.1,1668.0,69.7
384,38.8,7790.0,-9.5,3145.0,53.2
385,22.2,31006.0,5.9,5676.0,25.4
386,35.5,14508.0,-6.6,3266.0,51.8
387,36.7,6157.0,-5.1,5766.0,24.5
388,38.8,20569.0,-7.7,2412.0,61.7
389,41.3,19423.0,3.6,6007.0,22.3
390,39.7,10368.0,-7.5,2287.0,63.1
391,16.1,18412.0,26.9,8320.0,7.5
392,40.7,10998.0,10.2,3519.0,48.8
393,43.8,17882.0,7.0,3297.0,51.4
394,44.2,33559.0,-1.4,2151.0,64.6
395,21.7,7031.0,16.5,4058.0,42.6
396,40.6,79946.0,10.8,7724.0,10.3
397,36.6,8622698.0,7.7,28429.0,0.0
398,39.1,45248.0,6.0,10982.0,1.3
399,34.5,8463.0,2.6,7293.0,12.7
400,43.4,14369.0,14.0,348.0,63.4
401,41.9,12277.0,5.3,8143.0,8.2
402,39.4,19101.0,4.8,5625.0,25.8
403,44.2,10581.0,4.9,3549.0,48.5
404,32.1,55131.0,42.9,43215.0,0.0
405,33.8,270753.0,12.8,18152.0,0.0
406,40.4,9806.0,-8.6,9095.0,4.8
407,37.2,42670.0,5.3,4669.0,35.7
408,40.2,7085.0,-6.4,5016.0,31.9
409,17.9,53805.0,49.2,7518.0,11.4
410,43.4,9262.0,3.9,6152.0,21.1
411,44.7,6135.0,-1.9,1092.0,71.2
412,40.6,10772.0,0.1,3912.0,44.3
413,40.6,11000.0,1.9,7206.0,13.3
414,36.9,24961.0,4.1,11028.0,1.3
415,37.4,30762.0,-1.8,5898.0,23.3
416,39.5,19390.0,6.1,4171.0,41.3
417,61.8,6083.0,-25.8,4325.0,39.5
418,42.3,10133.0,-1.2,3132.0,53.4
419,39.1,8869.0,-0.5,3891.0,44.5
420,42.7,9860.0,3.5,7585.0,11.0
421,43.6,7384.0,6.3,4719.0,35.1
422,43.4,8724.0,24.0,2195.0,64.1
423,40.7,16009.0,5.5,6201.0,20.7
424,54.9,11206.0,-27.1,1620.0,70.2
425,44.3,8314.0,3.3,3429.0,49.9
426,39.7,20988.0,22.9,17348.0,0.0
427,47.1,27032.0,5.0,2581.0,59.7
428,44.0,8944.0,2.7,3444.0,49.7
429,29.0,71247.0,5.0,22893.0,0.0
430,32.0,148678.0,-0.4,17611.0,0.0
431,36.4,20732.0,9.0,3589.0,48.0
432,36.3,7124.0,77.3,2548.0,60.1
433,42.0,11206.0,5.3,3776.0,45.8
434,44.1,15242.0,6.2,2744.0,57.9
435,36.8,12150.0,2.6,6811.0,15.9
436,37.5,13154.0,2.2,7598.0,11.0
437,41.8,25692.0,3.0,4440.0,38.2
438,43.3,12454.0,0.5,493.0,64.9
439,42.2,11724.0,7.1,6217.0,20.5
440,44.8,6864.0,-3.8,1314.0,73.2
441,41.1,18782.0,3.7,6691.0,16.8
442,40.3,13159.0,2.3,4832.0,33.9
443,40.6,20215.0,26.9,3435.0,49.8
444,42.4,10480.0,-9.8,2602.0,59.5
445,38.4,39274.0,2.9,6489.0,18.3
446,43.4,14900.0,7.9,3231.0,52.2
447,41.0,89861.0,4.1,2282.0,63.1
448,43.2,10817.0,9.4,2706.0,58.3
449,36.8,70387.0,4.9,55583.0,0.0
450,47.5,10239.0,-20.7,4777.0,34.5
451,45.4,9483.0,4.6,2387.0,61.9
452,42.0,10092.0,4.9,4842.0,33.8
453,39.4,11781.0,1.7,11831.0,0.7
454,46.5,11994.0,16.8,1503.0,71.4
455,34.1,7972.0,-3.5,2761.0,57.7
456,37.0,26208.0,1.1,347.0,63.3
457,35.5,54227.0,18.5,53311.0,0.0
458,42.3,9018.0,18.0,8209.0,8.0
459,40.9,16514.0,-2.1,2523.0,60.4
460,37.0,558545.0,24.5,3092.0,53.8
461,42.4,9638.0,45.8,2095.0,65.2
462,53.4,8549.0,16.6,797.0,68.2
463,34.0,14183.0,0.5,1519.0,71.2
464,37.2,10029.0,3.5,1196.0,72.3
465,29.5,21960.0,8.7,1645.0,69.9
466,35.5,9011.0,2.3,659.0,66.7
467,42.1,12019.0,0.9,1106.0,71.4
468,37.7,15501.0,54.5,1543.0,71.0
469,27.4,11850.0,6.5,1730.0,69.0
470,38.4,96159.0,85.8,1310.0,73.3
471,27.9,8440.0,-4.9,586.0,66.0
472,44.2,6107.0,-7.3,1877.0,67.5
473,44.2,6107.0,-7.3,1877.0,67.5
474,44.2,6107.0,-7.3,1877.0,67.5
475,44.2,6107.0,-7.3,1877.0,67.5
476,43.4,8148.0,-10.8,1573.0,70.7
477,43.4,8148.0,-10.8,1573.0,70.7
478,43.4,8148.0,-10.8,1573.0,70.7
479,43.4,8148.0,-10.8,1573.0,70.7
480,35.2,38131.0,-4.9,2657.0,58.9
481,39.1,59715.0,26.0,1960.0,66.6
482,37.8,29654.0,-0.5,5904.0,23.3
483,36.4,21369.0,-6.3,1271.0,73.0
484,34.8,14539.0,-7.5,2937.0,55.7
485,32.9,59792.0,-9.9,2991.0,55.0
486,43.7,9291.0,15.6,2008.0,66.1
487,39.7,11741.0,17.0,3461.0,49.5
488,39.6,132631.0,6.6,3620.0,47.7
489,43.1,8375.0,-2.3,1621.0,70.2
490,42.0,15515.0,6.8,1846.0,67.8
491,40.5,7156.0,6.6,3152.0,53.1
492,36.2,6423.0,-2.3,1474.0,71.6
493,35.3,13831.0,4.3,1481.0,71.6
494,24.4,21076.0,-5.8,4789.0,34.4
495,31.3,8693.0,0.8,338.0,63.2
496,38.5,6891.0,-6.5,914.0,69.4
497,32.9,7869.0,17.8,732.0,67.5
498,40.8,7608.0,51.2,1721.0,69.1
499,37.9,8319.0,7.3,2219.0,63.8
500,35.1,17116.0,46.3,6020.0,22.2
501,37.3,7313.0,1.2,1653.0,69.8
502,37.4,19539.0,19.4,4690.0,35.4
503,35.9,14874.0,1.0,2529.0,60.3
504,32.0,12911.0,8.3,2633.0,59.2
505,44.9,7519.0,5.3,268.0,62.5
506,19.9,10345.0,14.6,3896.0,44.4
507,47.9,7126.0,4.7,183.0,61.5
508,34.1,22949.0,1.7,615.0,66.3
509,46.9,16464.0,0.3,812.0,68.4
510,41.1,13522.0,7.6,335.0,63.2
511,29.7,6014.0,10.3,162.0,61.3
512,34.9,11900.0,3.7,1217.0,72.5
513,43.0,7230.0,6.3,161.0,61.3
514,47.4,8283.0,8.4,1449.0,71.9
515,45.7,6906.0,3.1,2210.0,63.9
516,35.2,15767.0,-6.9,11029.0,1.3
517,36.8,38429.0,-5.2,3386.0,50.4
518,39.0,67186.0,8.6,11942.0,0.6
519,35.5,11248.0,8.4,4073.0,42.4
520,39.7,27927.0,6.4,9646.0,3.4
521,41.7,8242.0,8.3,937.0,69.7
522,38.4,8567.0,3.9,11259.0,1.1
523,55.1,8963.0,-28.8,1394.0,72.4
524,36.3,11223.0,-0.3,2065.0,65.5
525,40.5,6314.0,6.7,1597.0,70.4
526,44.1,25142.0,9.3,26061.0,0.0
527,39.7,86607.0,10.1,7668.0,10.6
528,43.4,8766.0,4.6,2765.0,57.6
529,43.2,8935.0,15.3,4182.0,41.1
530,43.2,17998.0,2.8,9062.0,4.9
531,35.9,9928.0,13.9,2607.0,59.5
532,41.3,12376.0,-11.7,2091.0,65.2
533,38.4,12368.0,61.1,14597.0,0.1
534,39.1,20429.0,7.9,7696.0,10.4
535,43.1,7739.0,7.5,3459.0,49.5
536,39.3,29112.0,11.1,5913.0,23.2
537,42.3,33710.0,6.6,6522.0,18.1
538,36.1,14537.0,9.7,17093.0,0.0
539,34.6,7716.0,3.4,686.0,67.0
540,46.0,37907.0,6.9,14968.0,0.0
541,46.7,11255.0,8.0,1191.0,72.2
542,34.5,11894.0,8.4,5961.0,22.8
543,35.7,32393.0,8.8,15199.0,0.0
544,45.0,15720.0,11.5,1212.0,72.4
545,52.6,12243.0,-1.2,582.0,65.9
546,34.5,40341.0,1.3,1895.0,67.3
547,46.5,15784.0,1.0,1749.0,68.8
548,42.6,21103.0,-0.5,777.0,68.0
549,47.5,14006.0,8.2,597.0,66.1
550,43.4,8560.0,2.4,193.0,61.6
551,37.3,7446.0,94.4,3025.0,54.6
552,44.9,12970.0,-11.7,635.0,66.5
553,43.7,42591.0,-7.0,1046.0,70.8
554,52.0,11092.0,-4.4,1584.0,70.5
555,43.6,9502.0,7.5,307.0,62.9
556,34.0,154758.0,1.8,4821.0,34.0
557,38.2,28582.0,49.7,1706.0,69.3
558,50.3,6012.0,-6.9,897.0,69.2
559,38.1,41700.0,4.1,895.0,69.2
560,41.9,9997.0,-11.6,1193.0,72.2
561,27.7,121477.0,6.5,4497.0,37.6
562,30.4,23296.0,17.4,1403.0,72.3
563,22.4,10378.0,-4.3,2445.0,61.3
564,38.7,10445.0,4.5,1531.0,71.1
565,42.2,8273.0,-3.0,4764.0,34.6
566,40.2,11946.0,-6.2,5430.0,27.7
567,21.5,48844.0,5.0,4343.0,39.3
568,36.6,32511.0,-4.6,6372.0,19.3
569,39.9,11286.0,6.7,1720.0,69.1
570,37.4,96448.0,-22.8,2868.0,56.5
571,44.7,14608.0,-4.5,3488.0,49.2
572,44.2,7889.0,-4.3,2103.0,65.1
573,40.6,7802.0,-0.1,2196.0,64.1
574,40.4,19220.0,70.3,2308.0,62.8
575,38.1,16489.0,-13.0,5851.0,23.7
576,37.3,6158.0,0.4,2213.0,63.9
577,43.7,6317.0,2.7,4309.0,39.7
578,26.8,75807.0,-1.7,3071.0,54.1
579,40.3,8712.0,-4.0,1571.0,70.7
580,41.3,23106.0,-1.3,2139.0,64.7
581,42.6,10037.0,-0.4,3568.0,48.3
582,37.1,16772.0,6.9,2530.0,60.3
583,33.7,9450.0,23.4,9580.0,3.5
584,42.2,58859.0,17.1,3655.0,47.3
585,41.0,6719.0,376.5,1527.0,71.1
586,38.2,7244.0,47.5,876.0,69.0
587,22.5,32303.0,31.0,5945.0,22.9
588,36.6,27348.0,36.1,5443.0,27.6
589,40.6,6022.0,1.1,6720.0,16.6
590,34.8,25562.0,9.3,1426.0,72.1
591,35.9,15652.0,31.6,1948.0,66.7
592,46.2,8958.0,6.3,639.0,66.5
593,36.8,70108.0,80.1,5732.0,24.8
594,44.3,13466.0,6.8,1826.0,68.0
595,34.2,23489.0,9.5,3926.0,44.1
596,34.5,18333.0,24.4,8568.0,6.5
597,38.4,10157.0,131.8,3134.0,53.4
598,29.4,11626.0,5.5,1455.0,71.8
599,43.0,8298.0,163.2,3273.0,51.7
600,35.4,9416.0,46.6,2460.0,61.1
601,33.5,8147.0,-4.1,12500.0,0.4
602,36.4,37132.0,80.8,2990.0,55.0
603,40.4,17722.0,47.0,4454.0,38.1
604,34.3,24287.0,100.8,3278.0,51.7
605,43.6,37634.0,32.0,2917.0,55.9
606,36.1,44231.0,26.1,3167.0,53.0
607,34.8,25825.0,47.0,3982.0,43.4
608,34.5,7852.0,0.8,5800.0,24.2
609,40.7,6646.0,18.9,2238.0,63.6
610,36.4,69519.0,211.6,5440.0,27.6
611,40.6,6181.0,19.0,1429.0,72.1
612,40.3,28616.0,1.7,1231.0,72.6
613,40.3,55515.0,1.6,2427.0,61.5
614,44.7,6756.0,-2.0,310.0,62.9
615,41.7,15313.0,24.5,3023.0,54.7
616,36.1,9212.0,31.1,238.0,62.1
617,37.5,38216.0,15.4,14870.0,0.0
618,33.6,18420.0,20.7,3987.0,43.4
619,38.0,21175.0,58.9,2957.0,55.4
620,43.3,49540.0,1.7,3478.0,49.3
621,37.8,8505.0,74.4,1241.0,72.7
622,36.9,5858.0,-11.7,2215.0,63.8
623,32.8,12769.0,-0.7,1764.0,68.7
624,41.7,9411.0,-2.8,2670.0,58.7
625,38.9,13135.0,-7.4,2278.0,63.2
626,37.9,6727.0,3.3,1533.0,71.1
627,32.6,11866.0,-0.8,1580.0,70.6
628,30.5,10636.0,3.9,1557.0,70.8
629,38.0,7784.0,15.0,494.0,65.0
630,38.2,9054.0,-3.8,1476.0,71.6
631,30.0,27720.0,10.1,2197.0,64.0
632,36.6,12993.0,7.8,2041.0,65.7
633,22.5,7761.0,12.7,318.0,63.0
634,37.4,7813.0,-5.8,1440.0,72.0
635,45.9,34659.0,25.3,2298.0,62.9
636,37.3,53553.0,33.1,1562.0,70.8
637,35.2,137472.0,47.9,2538.0,60.2
638,38.5,191278.0,28.3,3371.0,50.6
639,39.4,22368.0,1.3,3595.0,48.0
640,31.7,10395.0,-20.0,1236.0,72.7
641,30.8,225374.0,-1.1,2933.0,55.7
642,35.0,12679.0,28.7,507.0,65.1
643,34.1,68554.0,21.4,1679.0,69.6
644,36.3,8323.0,14.3,1271.0,73.0
645,32.1,16751.0,-47.8,2282.0,63.1
646,37.3,12839.0,-9.7,2613.0,59.4
647,37.5,9834.0,12.3,1631.0,70.1
648,40.6,11535.0,2.4,1668.0,69.7
649,36.9,8183.0,7.6,3214.0,52.4
650,40.7,7676.0,4.4,699.0,67.2
651,36.2,10771.0,32.1,1287.0,73.1
652,36.8,33278.0,2.7,2372.0,62.1
653,44.6,8679.0,15.4,325.0,63.1
654,38.7,77117.0,7.5,1920.0,67.0
655,34.8,7400.0,1.3,660.0,66.7
656,38.2,12119.0,5.3,656.0,66.7
657,42.8,12318.0,17.4,1812.0,68.2
658,26.3,18048.0,1.0,837.0,68.6
659,34.6,29620.0,-9.2,2804.0,57.2
660,36.7,393292.0,-18.9,2178.0,64.3
661,35.1,16323.0,-28.6,2314.0,62.8
662,32.5,6715.0,-4.9,2345.0,62.4
663,30.6,7265.0,40.3,1720.0,69.1
664,34.3,26895.0,33.4,850.0,68.8
665,40.2,10193.0,-0.3,471.0,64.7
666,39.2,8153.0,-4.7,2361.0,62.2
667,34.9,6853.0,16.5,477.0,64.8
668,35.4,192036.0,-4.1,1862.0,67.7
669,37.8,27883.0,8.5,2364.0,62.2
670,34.1,14713.0,2.0,2688.0,58.5
671,36.2,7166.0,-12.0,2345.0,62.4
672,34.4,17538.0,55.5,739.0,67.6
673,35.0,7215.0,34.6,1268.0,73.0
674,36.6,14868.0,39.4,1010.0,70.4
675,32.4,16414.0,53.9,1409.0,72.3
676,31.7,16015.0,49.8,1359.0,72.8
677,29.4,10726.0,-7.6,1130.0,71.6
678,23.4,7007.0,92.6,1094.0,71.2
679,37.4,29463.0,33.2,3346.0,50.9
680,36.7,8721.0,-0.4,1204.0,72.3
681,22.5,11177.0,20.1,60.0,60.1
682,38.6,9831.0,41.7,755.0,67.8
683,30.4,34147.0,-10.2,1083.0,71.1
684,33.3,22770.0,-2.9,1568.0,70.7
685,33.3,34344.0,58.4,4069.0,42.4
686,30.5,17077.0,62.5,1021.0,70.5
687,35.9,12700.0,12.3,2064.0,65.5
688,35.6,37115.0,24.8,1803.0,68.3
689,35.0,14160.0,-1.6,997.0,70.3
690,34.9,38909.0,139.6,2171.0,64.3
691,30.7,16845.0,100.3,4107.0,42.0
692,38.8,23816.0,281.7,831.0,68.6
693,38.8,15052.0,20.6,2375.0,62.1
694,40.3,19738.0,28.6,2043.0,65.7
695,23.2,31379.0,38.2,2506.0,60.6
696,38.0,19549.0,124.1,1993.0,66.3
697,30.8,7471.0,7.6,603.0,66.1
698,33.7,6595.0,-3.4,1668.0,69.7
699,30.3,16733.0,11.1,1873.0,67.5
700,27.9,56085.0,28.3,1873.0,67.5
701,35.7,10485.0,-0.1,605.0,66.2
702,35.7,6724.0,-8.9,53.0,60.0
703,38.7,13876.0,-9.5,1187.0,72.2
704,36.7,16244.0,59.2,1499.0,71.4
705,42.5,9338.0,3.5,5657.0,25.5
706,37.2,14955.0,2.1,10557.0,1.8
707,41.4,43263.0,6.1,797.0,68.2
708,44.5,8538.0,39.8,603.0,66.1
709,39.7,374701.0,0.8,4372.0,39.0
710,38.9,26337.0,30.7,1737.0,69.0
711,40.0,11975.0,21.3,337.0,63.2
712,42.7,34597.0,-1.1,5264.0,29.4
713,40.5,10699.0,13.0,1097.0,71.3
714,32.9,15186.0,8.6,2875.0,56.4
715,39.3,20881.0,24.7,2055.0,65.6
716,44.5,10724.0,4.4,41.0,59.9
717,36.8,11704.0,28.4,2034.0,65.8
718,24.4,6138.0,33.9,4822.0,34.0
719,41.8,6455.0,13.8,1022.0,70.5
720,41.5,7184.0,13.5,1537.0,71.0
721,42.6,7574.0,2.6,1715.0,69.2
722,22.5,16370.0,13.5,5958.0,22.8
723,39.9,17821.0,10.3,8433.0,7.0
724,33.8,13177.0,25.4,3871.0,44.7
725,31.3,55923.0,166.4,2164.0,64.4
726,59.2,6339.0,17.1,1089.0,71.2
727,33.8,13825.0,624.6,2588.0,59.7
728,28.4,165080.0,39.1,3547.0,48.5
729,34.2,8163.0,20.3,2053.0,65.6
730,36.6,13294.0,105.2,2239.0,63.6
731,39.2,9962.0,28.8,2075.0,65.4
732,40.1,6898.0,-8.9,2417.0,61.6
733,37.8,94341.0,32.7,4329.0,39.5
734,32.3,7014.0,142.9,1228.0,72.6
735,38.1,111127.0,8.8,2465.0,61.1
736,31.3,9661.0,42.4,2252.0,63.4
737,37.8,12965.0,32.1,1289.0,73.2
738,43.3,7642.0,17.3,1350.0,72.9
739,39.1,18813.0,1.4,3119.0,53.5
740,41.5,6049.0,15.3,619.0,66.3
741,47.9,20486.0,4.6,788.0,68.1
742,47.0,28026.0,-2.3,1275.0,73.0
743,40.9,8210.0,14.5,283.0,62.6
744,37.8,51252.0,3.4,2844.0,56.7
745,44.3,19159.0,5.7,563.0,65.7
746,43.2,11162.0,13.7,425.0,64.2
747,40.9,15602.0,20.7,458.0,64.6
748,43.1,34427.0,8.0,670.0,66.9
749,37.4,60960.0,7.1,1859.0,67.7
750,40.6,15051.0,2.5,395.0,63.9
751,40.7,19571.0,5.5,466.0,64.7
752,39.2,31461.0,1.5,1920.0,67.0
753,35.6,72710.0,1.6,5452.0,27.5
754,44.1,6970.0,14.5,188.0,61.6
755,41.1,6523.0,-1.7,1923.0,67.0
756,44.6,14407.0,3.6,578.0,65.9
757,45.4,9047.0,5.0,2862.0,56.5
758,48.8,7603.0,2.7,329.0,63.1
759,43.8,9405.0,8.0,657.0,66.7
760,39.9,9584.0,6.5,472.0,64.7
761,44.0,19709.0,9.7,1465.0,71.7
762,41.6,16540.0,7.0,1135.0,71.7
763,43.5,23511.0,1.2,694.0,67.1
764,42.5,11444.0,9.9,404.0,64.0
765,43.3,25709.0,5.3,920.0,69.5
766,49.9,19904.0,7.2,510.0,65.1
767,43.3,43069.0,8.4,1197.0,72.3
768,41.8,12087.0,6.9,209.0,61.8
769,41.8,15735.0,16.1,373.0,63.6
770,42.6,9458.0,6.5,201.0,61.7
771,41.6,15052.0,14.5,379.0,63.7
772,45.6,34538.0,-1.9,868.0,68.9
773,35.1,54843.0,4.7,5061.0,31.5
774,44.7,26668.0,1.5,2152.0,64.5
775,26.7,17737.0,12.1,4043.0,42.7
776,38.3,6041.0,1.4,182.0,61.5
777,43.9,12498.0,3.8,1384.0,72.5
778,46.7,7712.0,5.3,1647.0,69.9
779,47.6,8990.0,0.1,477.0,64.8
780,35.4,19371.0,10.1,3373.0,50.6
781,35.8,42751.0,119.4,43.0,59.9
782,31.5,7475.0,36.6,77.0,60.3
783,27.4,77879.0,115.2,2482.0,60.9
784,42.2,60870.0,11.6,4411.0,38.5
785,40.2,14304.0,9.8,792.0,68.1
786,36.9,63522.0,0.1,7657.0,10.6
787,45.0,19364.0,1.7,3725.0,46.4
788,45.9,7272.0,32.7,3805.0,45.5
789,54.9,8237.0,-3.7,2279.0,63.1
790,37.5,52157.0,12.2,7911.0,9.3
791,44.9,6871.0,45.3,1179.0,72.1
792,32.1,22327.0,2.2,5021.0,31.9
793,40.5,50041.0,4.2,1276.0,73.0
794,36.1,73563.0,33.6,3267.0,51.8
795,34.6,177452.0,38.9,4739.0,34.9
796,67.0,18306.0,38.2,753.0,67.7
797,50.2,42364.0,3.0,3100.0,53.8
798,37.4,48793.0,3.3,3976.0,43.5
799,36.9,14287.0,8.7,1922.0,67.0
800,39.1,71554.0,12.5,2018.0,66.0
801,41.1,67908.0,7.3,10805.0,1.5
802,38.4,86685.0,15.0,4451.0,38.1
803,32.1,25620.0,23.4,5802.0,24.2
804,31.7,103562.0,12.7,4735.0,35.0
805,40.2,15106.0,44.3,2758.0,57.7
806,32.4,24740.0,56.3,7960.0,9.1
807,38.2,64838.0,78.5,4009.0,43.1
808,33.9,42838.0,1.4,6658.0,17.1
809,42.2,54554.0,2.0,10602.0,1.7
810,42.6,48993.0,0.9,5429.0,27.7
811,48.0,12580.0,1.6,4580.0,36.7
812,31.7,216995.0,17.0,3690.0,46.8
813,39.6,43299.0,7.8,7927.0,9.3
814,48.0,65267.0,30.7,3703.0,46.7
815,42.4,34326.0,-1.9,2214.0,63.9
816,33.9,24714.0,4.9,10363.0,2.1
817,38.3,884363.0,13.9,18939.0,0.0
818,41.7,40514.0,1.8,9811.0,3.0
819,33.1,48254.0,102.9,1937.0,66.9
820,43.4,36064.0,6.6,2539.0,60.2
821,43.5,90553.0,14.0,6899.0,15.3
822,26.9,47541.0,7.6,4460.0,38.0
823,47.4,13327.0,3.0,3532.0,48.7
824,42.2,7027.0,66.1,1273.0,73.0
825,38.8,75931.0,69.8,6557.0,17.8
826,32.0,334136.0,-1.1,12310.0,0.4
827,39.1,92101.0,-0.2,4853.0,33.7
828,37.0,210888.0,39.6,4409.0,38.6
829,37.0,17980.0,3.1,2054.0,65.6
830,41.1,92306.0,9.8,11174.0,1.1
831,33.5,30313.0,6.0,6587.0,17.6
832,54.7,7141.0,-2.6,3754.0,46.1
833,40.2,11945.0,4.9,2595.0,59.6
834,58.7,24326.0,0.7,2114.0,65.0
835,32.3,34150.0,7.7,3869.0,44.8
836,27.4,19608.0,54.0,1091.0,71.2
837,37.8,10190.0,13.1,934.0,69.6
838,47.4,11038.0,4.3,3676.0,47.0
839,36.0,11622.0,24.5,5208.0,30.0
840,39.7,126878.0,13.9,3238.0,52.1
841,46.9,6043.0,15.4,49.0,60.0
842,46.6,13444.0,3.6,3811.0,45.4
843,36.8,26273.0,133.3,6252.0,20.3
844,51.0,11108.0,21.7,4189.0,41.1
845,40.5,9644.0,89.8,8940.0,5.2
846,34.9,20987.0,-0.7,7276.0,12.8
847,31.6,95430.0,-1.0,12956.0,0.3
848,38.2,21978.0,-6.9,2185.0,64.2
849,40.7,25888.0,6.6,7529.0,11.4
850,40.7,67429.0,11.4,7475.0,11.7
851,40.3,17557.0,1.8,5866.0,23.6
852,33.8,29639.0,13.5,7389.0,12.2
853,31.7,15326.0,13.2,2597.0,59.6
854,38.6,12630.0,15.3,1319.0,73.2
855,34.9,114327.0,98.1,4354.0,39.2
856,43.7,36367.0,9.0,9059.0,4.9
857,43.6,128995.0,10.2,2351.0,62.3
858,48.9,7715.0,50.7,1928.0,67.0
859,47.3,8289.0,1.8,5866.0,23.6
860,41.7,16553.0,19.4,509.0,65.1
861,34.5,73556.0,31.8,5529.0,26.8
862,24.5,26542.0,79.8,484.0,64.8
863,35.0,16036.0,3.5,3389.0,50.4
864,39.7,100032.0,12.9,3693.0,46.8
865,36.5,122105.0,4.6,4045.0,42.7
866,33.3,122441.0,91.2,1682.0,69.5
867,31.2,133010.0,45.3,4655.0,35.8
868,34.4,101568.0,13.0,5437.0,27.7
869,30.1,54098.0,22.2,8518.0,6.7
870,37.0,107598.0,2.4,6681.0,16.9
871,40.3,37080.0,3.8,19718.0,0.0
872,33.7,53512.0,69.3,2555.0,60.0
873,52.6,8440.0,0.9,1620.0,70.2
874,35.3,36932.0,162.6,2792.0,57.3
875,37.2,6041.0,-2.9,2106.0,65.0
876,44.6,68229.0,15.8,3523.0,48.8
877,37.0,7600.0,4.3,762.0,67.8
878,34.5,66860.0,81.9,7138.0,13.7
879,37.9,53683.0,30.3,1932.0,66.9
880,43.0,21748.0,29.0,543.0,65.5
881,27.8,9871.0,24.0,2474.0,61.0
882,43.3,7359.0,24.4,2085.0,65.3
883,38.4,68341.0,78.6,2521.0,60.4
884,27.9,8328.0,45.0,2945.0,55.6
885,32.5,11286.0,21.9,3996.0,43.3
886,22.0,8845.0,5.2,1656.0,69.8
887,44.3,56313.0,2.4,6318.0,19.7
888,38.4,12402.0,3.7,15.0,59.6
889,41.3,60224.0,4.3,10347.0,2.1
890,34.2,57664.0,39.1,3637.0,47.5
891,36.7,31116.0,-43.6,1185.0,72.1
892,38.4,12595.0,8.3,3632.0,47.5
893,46.8,20402.0,5.2,945.0,69.7
894,45.0,12987.0,18.9,3163.0,53.0
895,36.0,13628.0,4.3,5879.0,23.5
896,27.8,7370.0,30.2,5329.0,28.7
897,43.2,54038.0,1.7,4749.0,34.8
898,47.7,12870.0,8.7,1989.0,66.3
899,33.6,56499.0,35.5,4316.0,39.6
900,31.4,14450.0,-2.2,15047.0,0.0
901,45.0,11840.0,10.4,3145.0,53.2
902,39.7,85160.0,44.8,3322.0,51.2
903,40.8,25545.0,31.1,3943.0,43.9
904,40.2,19708.0,6.2,13781.0,0.1
905,26.7,6597.0,17.6,5784.0,24.4
906,32.3,7498.0,88.4,6696.0,16.8
907,42.8,201874.0,6.5,7649.0,10.7
908,30.7,58822.0,-4.1,19418.0,0.0
909,43.3,15608.0,12.8,19.0,59.7
910,32.3,27418.0,1.6,6424.0,18.9
911,43.5,89793.0,82.8,3364.0,50.7
912,36.5,110598.0,-1.8,12107.0,0.5
913,45.3,7827.0,9.8,1650.0,69.9
914,48.8,6163.0,4.1,375.0,63.7
915,44.1,7414.0,76.2,1212.0,72.4
916,47.9,6485.0,2.1,2164.0,64.4
917,28.6,14932.0,74.6,6900.0,15.3
918,34.6,12002.0,30.5,5132.0,30.7
919,44.2,20413.0,0.5,2360.0,62.2
920,35.1,62466.0,5.9,8522.0,6.7
921,39.8,49095.0,4.9,6255.0,20.2
922,43.1,15722.0,2.0,8672.0,6.1
923,33.3,40322.0,-1.8,11545.0,0.8
924,47.2,41304.0,74.3,1301.0,73.3
925,44.0,32461.0,2.6,3905.0,44.3
926,33.9,22980.0,40.1,6549.0,17.9
927,50.9,23147.0,-2.4,2616.0,59.3
928,41.8,31318.0,0.4,4933.0,32.8
929,48.8,66334.0,7.2,4524.0,37.3
930,76.1,16200.0,-1.9,5062.0,31.5
931,44.2,12424.0,39.1,1085.0,71.2
932,28.9,66411.0,129.6,1965.0,66.6
933,36.0,27108.0,8.8,7134.0,13.7
934,28.8,26355.0,33.7,3118.0,53.5
935,35.3,24196.0,29.5,3292.0,51.5
936,41.4,20707.0,3.3,10921.0,1.4
937,32.5,43542.0,5.9,3742.0,46.2
938,41.3,11603.0,0.6,2892.0,56.2
939,46.0,30743.0,11.0,4841.0,33.8
940,35.8,3999759.0,8.3,8527.0,6.7
941,31.4,39183.0,51.5,4875.0,33.4
942,46.0,30724.0,7.5,2868.0,56.5
943,48.1,14276.0,20.5,1533.0,71.1
944,30.1,71099.0,1.8,14648.0,0.0
945,48.5,11310.0,7.0,804.0,68.3
946,52.4,12877.0,2.4,648.0,66.6
947,32.8,8132.0,14.6,328.0,63.1
948,44.4,35924.0,6.1,9133.0,4.7
949,36.5,79268.0,60.9,4982.0,32.3
950,37.2,22145.0,-11.8,2532.0,60.3
951,44.2,38373.0,7.0,3132.0,53.4
952,37.6,34357.0,11.6,3393.0,50.3
953,30.7,83081.0,30.0,4183.0,41.1
954,35.3,8485.0,39.9,5762.0,24.6
955,47.3,14355.0,5.6,3043.0,54.4
956,44.9,22718.0,9.7,7069.0,14.2
957,34.9,78106.0,24.6,5759.0,24.6
958,31.4,21930.0,24.5,3403.0,50.2
959,44.7,96016.0,3.1,5146.0,30.6
960,45.4,61044.0,1.7,8000.0,8.9
961,38.4,36802.0,17.1,1935.0,66.9
962,42.0,17270.0,6.0,1863.0,67.6
963,30.5,207226.0,45.5,4045.0,42.7
964,38.5,45037.0,34.2,3861.0,44.8
965,50.2,10635.0,2.8,2062.0,65.5
966,34.9,113326.0,155.9,3992.0,43.3
967,38.5,79774.0,9.9,4508.0,37.5
968,49.6,86160.0,23.0,5830.0,23.9
969,40.6,16714.0,32.4,1464.0,71.7
970,31.7,42694.0,-3.4,3335.0,51.0
971,45.6,55980.0,17.5,2021.0,66.0
972,33.7,6447.0,55.9,1192.0,72.2
973,38.7,7286.0,0.4,4791.0,34.3
974,47.9,7582.0,-3.6,1710.0,69.2
975,34.6,13656.0,23.5,2727.0,58.1
976,26.5,9604.0,24.4,6256.0,20.2
977,41.7,33960.0,27.2,3387.0,50.4
978,48.9,19730.0,12.1,1567.0,70.7
979,25.5,8262.0,20.4,3369.0,50.6
980,33.3,19121.0,47.0,1561.0,70.8
981,32.6,210037.0,23.3,8297.0,7.6
982,49.6,15698.0,1.1,5460.0,27.4
983,42.5,39087.0,1.8,3094.0,53.8
984,53.3,52932.0,28.6,2172.0,64.3
985,55.0,48142.0,12.5,511.0,65.1
986,39.8,67178.0,14.6,2838.0,56.8
987,31.3,54909.0,-0.6,11603.0,0.8
988,26.6,15250.0,36.8,9391.0,4.0
989,35.2,14291.0,-3.3,879.0,69.1
990,41.6,6967.0,8.3,1001.0,70.3
991,69.0,12807.0,52.5,338.0,63.2
992,40.3,18214.0,72.5,2069.0,65.4
993,36.0,6647.0,1.5,808.0,68.3
994,34.8,65911.0,9.1,1471.0,71.7
995,29.7,23916.0,26.4,1627.0,70.1
996,37.8,8773.0,-10.0,1425.0,72.1
997,38.7,30259.0,14.4,950.0,69.8
998,36.7,7097.0,3.0,1483.0,71.6
999,33.8,24860.0,-10.1,938.0,69.7
1000,36.3,7962.0,-7.6,976.0,70.1
1001,27.9,34066.0,87.9,636.0,66.5
1002,44.7,20692.0,0.8,2531.0,60.3
1003,38.9,79177.0,9.6,7334.0,12.5
1004,37.0,51671.0,28.6,5053.0,31.6
1005,44.4,42777.0,0.4,4918.0,33.0
1006,36.9,20247.0,107.2,4905.0,33.1
1007,34.3,352497.0,7.5,7202.0,13.3
1008,37.6,73077.0,34.7,997.0,70.3
1009,48.5,6220.0,-33.8,887.0,69.1
1010,26.9,18000.0,8.1,1959.0,66.6
1011,48.2,18123.0,14.3,3196.0,52.6
1012,24.6,21270.0,64.2,4426.0,38.4
1013,38.8,30418.0,15.2,1138.0,71.7
1014,49.8,7238.0,0.6,1477.0,71.6
1015,31.9,12440.0,-15.2,650.0,66.6
1016,29.8,49864.0,11.5,5603.0,26.1
1017,34.1,76402.0,0.7,11464.0,0.9
1018,40.7,31230.0,32.5,1355.0,72.8
1019,28.9,42747.0,-3.0,17196.0,0.0
1020,45.0,28343.0,5.5,2197.0,64.0
1021,45.9,12304.0,112.9,3545.0,48.5
1022,35.7,6656.0,-0.1,6321.0,19.7
1023,32.7,26390.0,19.7,4527.0,37.2
1024,38.3,42777.0,20.8,4057.0,42.6
1025,35.5,83015.0,6.0,7851.0,9.6
1026,44.1,24202.0,20.8,1847.0,67.8
1027,32.4,40351.0,48.8,6480.0,18.4
1028,33.9,13972.0,66.6,69.0,60.2
1029,50.2,8817.0,23.5,566.0,65.7
1030,32.6,7558.0,3.7,2038.0,65.8
1031,44.0,67845.0,18.9,3584.0,48.1
1032,42.6,10180.0,1.5,6311.0,19.8
1033,46.1,6266.0,21.9,33.0,59.8
1034,40.0,65959.0,32.6,6129.0,21.3
1035,43.5,13622.0,-4.0,5039.0,31.7
1036,37.3,19015.0,1.8,5866.0,23.6
1037,40.4,62103.0,8.4,4305.0,39.7
1038,37.9,54596.0,28.0,2847.0,56.7
1039,46.3,51020.0,-0.9,5920.0,23.1
1040,37.4,80374.0,20.3,1794.0,68.4
1041,37.8,89797.0,33.7,4265.0,40.2
1042,35.4,18558.0,66.8,2614.0,59.4
1043,35.5,270471.0,55.8,5534.0,26.7
1044,37.4,87931.0,3.4,6129.0,21.3
1045,39.1,15066.0,14.6,1480.0,71.6
1046,31.3,45443.0,100.0,2182.0,64.2
1047,32.8,16766.0,43.7,2821.0,57.0
1048,35.6,21835.0,51.0,3413.0,50.1
1049,38.5,24417.0,1.3,3163.0,53.0
1050,45.4,9864.0,8.4,3115.0,53.6
1051,34.6,113825.0,4.7,7283.0,12.8
1052,36.1,7479.0,15.6,3981.0,43.5
1053,36.9,48462.0,3.5,6957.0,14.9
1054,41.6,39283.0,1.2,7681.0,10.5
1055,41.2,60777.0,20.2,5556.0,26.5
1056,37.9,107074.0,3.3,14160.0,0.1
1057,49.0,33934.0,-3.3,5113.0,30.9
1058,34.9,28757.0,73.4,1237.0,72.7
1059,43.3,56665.0,0.7,3839.0,45.1
1060,50.6,11037.0,125.8,1858.0,67.7
1061,28.3,24034.0,42.7,7026.0,14.5
1062,42.4,13352.0,48.7,1653.0,69.8
1063,41.2,21757.0,1.3,3256.0,51.9
1064,27.3,8537.0,29.7,4243.0,40.4
1065,32.8,103894.0,9.5,7130.0,13.8
1066,33.0,44364.0,17.3,4632.0,36.1
1067,43.2,25515.0,10.1,7000.0,14.6
1068,43.1,42108.0,133.7,2352.0,62.3
1069,34.8,116109.0,0.1,12155.0,0.5
1070,39.3,16853.0,5.1,3043.0,54.4
1071,41.1,12669.0,3.3,4085.0,42.3
1072,34.5,178968.0,14.9,2412.0,61.7
1073,37.9,171844.0,186.5,11308.0,1.0
1074,35.6,11758.0,70.9,9647.0,3.4
1075,43.4,63184.0,8.9,3306.0,51.3
1076,34.6,7588.0,27.3,3728.0,46.4
1077,34.2,151969.0,13.8,4188.0,41.1
1078,37.4,30534.0,4.9,1745.0,68.9
1079,34.3,7599.0,24.2,147.0,61.1
1080,39.6,14595.0,-2.8,376.0,63.7
1081,41.3,8787.0,-0.1,466.0,64.7
1082,39.9,9890.0,28.8,1189.0,72.2
1083,32.7,9169.0,17.3,1146.0,71.8
1084,36.1,9652.0,30.2,791.0,68.1
1085,39.5,8756.0,12.3,431.0,64.3
1086,39.7,15385.0,9.9,841.0,68.7
1087,37.8,25960.0,56.6,1927.0,67.0
1088,38.8,6851.0,-9.1,560.0,65.7
1089,36.8,12044.0,-13.4,203.0,61.7
1090,50.2,18288.0,140.9,1281.0,73.1
1091,51.6,11809.0,134.1,642.0,66.6
1092,37.3,190265.0,-4.3,1614.0,70.2
1093,41.6,14022.0,17.6,1152.0,71.8
1094,43.8,6468.0,-2.1,377.0,63.7
1095,43.7,14428.0,-4.6,421.0,64.2
1096,37.3,35498.0,46.1,1532.0,71.1
1097,39.8,9555.0,13.4,380.0,63.7
1098,38.3,14576.0,18.6,665.0,66.8
1099,33.5,17710.0,27.6,140.0,61.0
1100,40.3,8644.0,59.4,1346.0,72.9
1101,35.1,12264.0,-2.8,662.0,66.8
1102,39.1,15426.0,1.9,646.0,66.6
1103,35.4,6130.0,-10.0,514.0,65.2
1104,28.6,100287.0,28.7,1783.0,68.5
1105,37.4,8398.0,6.9,1151.0,71.8
1106,37.6,9008.0,20.9,140.0,61.0
1107,53.9,40538.0,27.4,1184.0,72.1
1108,45.9,59243.0,10.9,45.0,60.0
1109,34.3,10475.0,138.9,1717.0,69.2
1110,53.0,40252.0,19.2,890.0,69.2
1111,46.7,11201.0,18.5,263.0,62.4
1112,37.3,55477.0,119.9,1152.0,71.8
1113,49.7,7569.0,7.7,546.0,65.5
1114,52.6,11705.0,49.4,630.0,66.4
1115,29.4,35216.0,362.8,3641.0,47.4
1116,35.3,19168.0,84.8,267.0,62.5
1117,26.5,71975.0,36.1,1132.0,71.6
1118,51.5,14364.0,15.7,2713.0,58.2
1119,57.9,24583.0,21.5,1353.0,72.8
1120,45.2,7356.0,-1.7,408.0,64.0
1121,38.5,79858.0,322.3,686.0,67.0
1122,24.8,8247.0,8.1,6.0,59.5
1123,54.7,54411.0,29.7,1264.0,72.9
1124,38.3,44792.0,230.4,616.0,66.3
1125,36.0,48007.0,4516.1,11892.0,0.6
1126,54.3,14293.0,4.6,922.0,69.5
1127,45.2,44466.0,88.9,1402.0,72.4
1128,32.6,39184.0,807.9,1519.0,71.2
1129,35.8,29318.0,804.3,1928.0,67.0
1130,32.6,92851.0,39.1,2563.0,60.0
1131,46.0,249950.0,23.3,1357.0,72.8
1132,60.0,10336.0,1.4,556.0,65.6
1133,43.1,11098.0,44.2,398.0,63.9
1134,34.2,42912.0,13.6,280.0,62.6
1135,28.4,16120.0,121.9,12165.0,0.5
1136,76.5,24535.0,-6.9,2211.0,63.9
1137,29.9,185038.0,16.7,4619.0,36.2
1138,30.9,7205.0,44.9,1295.0,73.2
1139,29.2,8611.0,4.7,965.0,69.9
1140,34.1,535677.0,10.1,2752.0,57.8
1141,60.5,7409.0,45.8,644.0,66.6
1142,34.9,6760.0,124.6,5157.0,30.5
1143,35.1,8146.0,65.2,1887.0,67.4
1144,33.8,14051.0,-23.1,682.0,67.0
