,Unnamed: 0,Sort ,State,County ,CountySeat(s) ,Population(2010),LandAreakm2 ,LandAreami2 ,WaterAreakm2 ,WaterAreami2 ,TotalAreakm2 ,TotalAreami2 ,Latitude ,Longitude,Hover,County,Heart Disease Value,Year
0,0.0,1.0,AL,Autauga,Prattville,"54,571","1,539.582",594.436,25.776,9.952,"1,565.358",604.388,32.536382,-86.64449,Autauga<br>AL<br>00200,Autauga,00200,2018
1,1.0,2.0,AL,Baldwin,Bay Minette,"182,265","4,117.522","1,589.784","1,133.190",437.527,"5,250.712","2,027.311",30.659218,-87.74606700000001,Baldwin<br>AL<br>00186,Baldwin,00186,2018
2,2.0,3.0,AL,Barbour,Clayton,"27,457","2,291.819",884.876,50.865,19.639,"2,342.684",904.515,31.87067,-85.405456,Barbour<br>AL<br>00253,Barbour,00253,2018
10,10.0,11.0,AL,Chilton,Clanton,"43,643","1,794.484",692.854,20.586,7.948,"1,815.070",700.802,32.85406,-86.726628,Chilton<br>AL<br>00271,Chilton,00271,2018
16,16.0,17.0,AL,Colbert,Tuscumbia,"54,428","1,534.877",592.619,76.431,29.510,"1,611.308",622.129,34.703112,-87.801457,Colbert<br>AL<br>00238,Colbert,00238,2018
19,19.0,20.0,AL,Covington,Andalusia,"37,765","2,668.870","1,030.456",34.526,13.331,"2,703.396","1,043.787",31.243987,-86.44872099999999,Covington<br>AL<br>00263,Covington,00263,2018
21,21.0,22.0,AL,Cullman,Cullman,"80,406","1,903.228",734.841,52.267,20.180,"1,955.495",755.021,34.131923,-86.86926700000001,Cullman<br>AL<br>00260,Cullman,00260,2018
22,22.0,23.0,AL,Dale,Ozark,"50,251","1,453.371",561.150,4.016,1.551,"1,457.388",562.701,31.430653999999997,-85.609476,Dale<br>AL<br>00217,Dale,00217,2018
26,26.0,27.0,AL,Escambia,Brewton,"38,319","2,447.747",945.080,20.873,8.059,"2,468.620",953.139,31.121747999999997,-87.168429,Escambia<br>AL<br>00231,Escambia,00231,2018
27,27.0,28.0,AL,Etowah,Gadsden,"104,430","1,385.619",534.991,35.323,13.638,"1,420.942",548.629,34.047638,-86.03442,Etowah<br>AL<br>00275,Etowah,00275,2018
45,45.0,46.0,AL,Marengo,Linden,"21,027","2,530.112",976.882,14.995,5.789,"2,545.107",982.671,32.247591,-87.79109100000001,Marengo<br>AL<br>00332,Marengo,00332,2018
48,48.0,49.0,AL,Mobile,Mobile,"412,992","3,184.223","1,229.435","1,073.751",414.577,"4,257.974","1,644.012",30.684572999999997,-88.196568,Mobile<br>AL<br>00232,Mobile,00232,2018
60,60.0,61.0,AL,Talladega,Talladega,"82,291","1,908.240",736.775,60.944,23.531,"1,969.184",760.306,33.369277000000004,-86.17580500000001,Talladega<br>AL<br>00267,Talladega,00267,2018
61,61.0,62.0,AL,Tallapoosa,Dadeville,"41,616","1,855.780",716.521,128.809,49.733,"1,984.589",766.254,32.863369,-85.799553,Tallapoosa<br>AL<br>00241,Tallapoosa,00241,2018
62,62.0,63.0,AL,Tuscaloosa,Tuscaloosa,"194,656","3,423.329","1,321.755",76.396,29.497,"3,499.725","1,351.252",33.290202,-87.52286,Tuscaloosa<br>AL<br>00232,Tuscaloosa,00232,2018
97,97.0,98.0,AZ,Cochise,Bisbee,"131,346","15,969.064","6,165.690",137.025,52.906,"16,106.089","6,218.596",31.881793,-109.75412,Cochise<br>AZ<br>00162,Cochise,00162,2018
98,98.0,99.0,AZ,Coconino,Flagstaff,"134,421","48,222.689","18,618.885",109.964,42.457,"48,332.653","18,661.342",35.829692,-111.773728,Coconino<br>AZ<br>00125,Coconino,00125,2018
99,99.0,100.0,AZ,Gila,Globe,"53,597","12,322.989","4,757.933",97.112,37.495,"12,420.101","4,795.428",33.789618,-110.81187,Gila<br>AZ<br>00203,Gila,00203,2018
103,103.0,104.0,AZ,Maricopa,Phoenix,"3,817,117","23,828.260","9,200.143",62.796,24.246,"23,891.056","9,224.389",33.346540999999995,-112.495534,Maricopa<br>AZ<br>00133,Maricopa,00133,2018
104,104.0,105.0,AZ,Mohave,Kingman,"200,186","34,475.547","13,311.084",387.371,149.565,"34,862.918","13,460.649",35.717705,-113.74968899999999,Mohave<br>AZ<br>00225,Mohave,00225,2018
105,105.0,106.0,AZ,Navajo,Holbrook,"107,449","25,771.473","9,950.422",24.078,9.297,"25,795.551","9,959.719",35.390934,-110.320908,Navajo<br>AZ<br>00140,Navajo,00140,2018
106,106.0,107.0,AZ,Pima,Tucson,"980,263","23,794.312","9,187.036",5.338,2.061,"23,799.649","9,189.097",32.128237,-111.783018,Pima<br>AZ<br>00138,Pima,00138,2018
107,107.0,108.0,AZ,Pinal,Florence,"375,770","13,896.870","5,365.612",22.332,8.622,"13,919.201","5,374.234",32.91891,-111.36725700000001,Pinal<br>AZ<br>00119,Pinal,00119,2018
109,109.0,110.0,AZ,Yavapai,Prescott,"211,033","21,039.765","8,123.499",11.502,4.441,"21,051.267","8,127.940",34.630044,-112.573745,Yavapai<br>AZ<br>00140,Yavapai,00140,2018
110,110.0,111.0,AZ,Yuma,Yuma,"195,751","14,281.174","5,513.992",13.254,5.117,"14,294.428","5,519.109",32.773942,-113.910905,Yuma<br>AZ<br>00123,Yuma,00123,2018
111,111.0,112.0,AR,Arkansas,"De Witt, Stuttgart","19,019","2,560.903",988.770,116.496,44.979,"2,677.398","1,033.749",34.289574,-91.376547,Arkansas<br>AR<br>00230,Arkansas,00230,2018
140,125.0,126.0,AR,Conway,Morrilton,"21,273","1,430.320",552.250,37.343,14.418,"1,467.662",566.668,35.265702000000005,-92.68924799999999,Conway<br>AR<br>00238,Conway,00238,2018
143,128.0,129.0,AR,Crittenden,Marion,"50,902","1,579.272",609.760,68.939,26.617,"1,648.211",636.377,35.211878000000006,-90.315331,Crittenden<br>AR<br>00206,Crittenden,00206,2018
144,129.0,130.0,AR,Cross,Wynne,"17,870","1,596.418",616.381,15.349,5.926,"1,611.767",622.307,35.291259000000004,-90.773894,Cross<br>AR<br>00231,Cross,00231,2018
149,136.0,137.0,AR,Garland,Hot Springs,"96,024","1,755.445",677.781,147.214,56.840,"1,902.659",734.621,34.578860999999996,-93.146915,Garland<br>AR<br>00232,Garland,00232,2018
162,156.0,157.0,AR,Miller,Texarkana,"43,462","1,620.240",625.578,31.264,12.071,"1,651.504",637.649,33.305505,-93.90150899999999,Miller<br>AR<br>00210,Miller,00210,2018
163,157.0,158.0,AR,Mississippi,"Blytheville, Osceola","46,480","2,332.476",900.574,49.826,19.238,"2,382.302",919.812,35.766943,-90.05220899999999,Mississippi<br>AR<br>00296,Mississippi,00296,2018
168,166.0,167.0,AR,Poinsett,Harrisburg,"24,583","1,964.218",758.389,13.523,5.221,"1,977.740",763.610,35.568981,-90.680595,Poinsett<br>AR<br>00300,Poinsett,00300,2018
172,170.0,171.0,AR,Pulaski,Little Rock,"382,748","1,967.777",759.763,124.062,47.900,"2,091.839",807.663,34.773988,-92.316515,Pulaski<br>AR<br>00195,Pulaski,00195,2018
173,172.0,173.0,AR,St. Francis,Forrest City,"28,258","1,644.049",634.771,20.050,7.741,"1,664.099",642.512,35.014438,-90.742199,St. Francis<br>AR<br>00266,St. Francis,00266,2018
183,183.0,184.0,AR,White,Searcy,"77,076","2,680.833","1,035.075",18.311,7.070,"2,699.144","1,042.145",35.254721999999994,-91.753158,White<br>AR<br>00258,White,00258,2018
186,186.0,187.0,CA,Alameda,Oakland,"1,510,271","1,914.046",739.017,213.185,82.311,"2,127.231",821.328,37.648081,-121.91330400000001,Alameda<br>CA<br>00112,Alameda,00112,2018
188,188.0,189.0,CA,Amador,Jackson,"38,091","1,539.963",594.583,29.457,11.373,"1,569.420",605.956,38.44355,-120.653856,Amador<br>CA<br>00153,Amador,00153,2018
189,189.0,190.0,CA,Butte,Oroville,"220,000","4,238.423","1,636.464",105.326,40.667,"4,343.749","1,677.131",39.665959,-121.601919,Butte<br>CA<br>00176,Butte,00176,2018
192,192.0,193.0,CA,Contra Costa,Martinez,"1,049,025","1,854.269",715.937,227.485,87.833,"2,081.754",803.770,37.919478999999995,-121.95154299999999,Contra Costa<br>CA<br>00110,Contra Costa,00110,2018
194,194.0,195.0,CA,El Dorado,Placerville,"181,058","4,423.397","1,707.883",203.243,78.473,"4,626.640","1,786.356",38.785532,-120.534398,El Dorado<br>CA<br>00130,El Dorado,00130,2018
195,195.0,196.0,CA,Fresno,Fresno,"930,450","15,431.126","5,957.991",137.816,53.211,"15,568.942","6,011.202",36.761006,-119.655019,Fresno<br>CA<br>00168,Fresno,00168,2018
196,196.0,197.0,CA,Glenn,Willows,"28,122","3,403.107","1,313.947",33.750,13.031,"3,436.857","1,326.978",39.602546000000004,-122.4017,Glenn<br>CA<br>00180,Glenn,00180,2018
197,197.0,198.0,CA,Humboldt,Eureka,"134,623","9,241.045","3,567.987","1,254.256",484.271,"10,495.301","4,052.258",40.706672999999995,-123.92581799999999,Humboldt<br>CA<br>00169,Humboldt,00169,2018
198,198.0,199.0,CA,Imperial,El Centro,"174,528","10,817.353","4,176.603",790.248,305.116,"11,607.600","4,481.719",33.040816,-115.355395,Imperial<br>CA<br>00137,Imperial,00137,2018
200,200.0,201.0,CA,Kern,Bakersfield,"839,631","21,061.565","8,131.916",79.577,30.725,"21,141.142","8,162.641",35.346629,-118.729506,Kern<br>CA<br>00196,Kern,00196,2018
201,201.0,202.0,CA,Kings,Hanford,"152,982","3,598.582","1,389.420",5.469,2.111,"3,604.051","1,391.531",36.072478000000004,-119.81553000000001,Kings<br>CA<br>00174,Kings,00174,2018
202,202.0,203.0,CA,Lake,Lakeport,"64,665","3,254.228","1,256.464",188.962,72.959,"3,443.190","1,329.423",39.094802,-122.746757,Lake<br>CA<br>00174,Lake,00174,2018
203,203.0,204.0,CA,Lassen,Susanville,"34,895","11,761.612","4,541.184",463.441,178.935,"12,225.053","4,720.119",40.721089,-120.629931,Lassen<br>CA<br>00161,Lassen,00161,2018
204,204.0,205.0,CA,Los Angeles,Los Angeles,"9,818,605","10,509.870","4,057.884","1,795.013",693.058,"12,304.883","4,750.942",34.196397999999995,-118.26186200000001,Los Angeles<br>CA<br>00149,Los Angeles,00149,2018
205,205.0,206.0,CA,Madera,Madera,"150,865","5,534.983","2,137.069",41.958,16.200,"5,576.940","2,153.269",37.210039,-119.749852,Madera<br>CA<br>00145,Madera,00145,2018
206,206.0,207.0,CA,Marin,San Rafael,"252,409","1,347.586",520.306,797.420,307.886,"2,145.006",828.192,38.051817,-122.745974,Marin<br>CA<br>00092,Marin,00092,2018
208,208.0,209.0,CA,Mendocino,Ukiah,"87,841","9,081.386","3,506.343",962.953,371.798,"10,044.339","3,878.141",39.432388,-123.442881,Mendocino<br>CA<br>00146,Mendocino,00146,2018
209,209.0,210.0,CA,Merced,Merced,"255,793","5,011.555","1,934.972",112.760,43.537,"5,124.315","1,978.509",37.194806,-120.722802,Merced<br>CA<br>00166,Merced,00166,2018
211,211.0,212.0,CA,Mono,Bridgeport,"14,202","7,896.827","3,048.982",214.695,82.894,"8,111.523","3,131.876",37.915836,-118.87516699999999,Mono<br>CA<br>00063,Mono,00063,2018
212,212.0,213.0,CA,Monterey,Salinas,"415,057","8,496.703","3,280.595","1,270.714",490.626,"9,767.417","3,771.221",36.240107,-121.315573,Monterey<br>CA<br>00107,Monterey,00107,2018
213,213.0,214.0,CA,Napa,Napa,"136,484","1,938.247",748.362,104.169,40.220,"2,042.417",788.582,38.507351,-122.32599499999999,Napa<br>CA<br>00133,Napa,00133,2018
216,215.0,216.0,CA,Orange,Santa Ana,"3,010,232","2,047.561",790.568,407.917,157.498,"2,455.478",948.066,33.675686999999996,-117.777207,Orange<br>CA<br>00130,Orange,00130,2018
217,216.0,217.0,CA,Placer,Auburn,"348,432","3,644.136","1,407.009",247.205,95.447,"3,891.341","1,502.456",39.062032,-120.722718,Placer<br>CA<br>00125,Placer,00125,2018
219,218.0,219.0,CA,Riverside,Riverside,"2,189,641","18,664.697","7,206.480",251.073,96.940,"18,915.770","7,303.420",33.729828000000005,-116.00223899999999,Riverside<br>CA<br>00173,Riverside,00173,2018
220,219.0,220.0,CA,Sacramento,Sacramento,"1,418,788","2,498.416",964.644,76.077,29.374,"2,574.493",994.018,38.450010999999996,-121.340441,Sacramento<br>CA<br>00151,Sacramento,00151,2018
222,221.0,222.0,CA,San Bernardino,San Bernardino,"2,035,210","51,947.230","20,056.938",124.028,47.888,"52,071.258","20,104.826",34.85722,-116.181197,San Bernardino<br>CA<br>00185,San Bernardino,00185,2018
223,222.0,223.0,CA,San Diego,San Diego,"3,095,313","10,895.121","4,206.630",826.348,319.055,"11,721.469","4,525.685",33.023604,-116.776117,San Diego<br>CA<br>00129,San Diego,00129,2018
224,223.0,224.0,CA,San Francisco,San Francisco,"805,235",121.400,46.873,479.190,185.016,600.590,231.889,37.727239000000004,-123.032229,San Francisco<br>CA<br>00109,San Francisco,00109,2018
225,224.0,225.0,CA,San Joaquin,Stockton,"685,306","3,603.506","1,391.322",91.109,35.177,"3,694.615","1,426.499",37.935034,-121.27223700000002,San Joaquin<br>CA<br>00158,San Joaquin,00158,2018
226,225.0,226.0,CA,San Luis Obispo,San Luis Obispo,"269,637","8,543.248","3,298.567",820.975,316.980,"9,364.223","3,615.547",35.385227,-120.44753999999999,San Luis Obispo<br>CA<br>00123,San Luis Obispo,00123,2018
227,226.0,227.0,CA,San Mateo,Redwood City,"718,451","1,161.372",448.408,757.704,292.551,"1,919.076",740.959,37.414664,-122.37154199999999,San Mateo<br>CA<br>00109,San Mateo,00109,2018
228,227.0,228.0,CA,Santa Barbara,Santa Barbara,"423,895","7,083.838","2,735.085","2,729.829","1,053.993","9,813.667","3,789.078",34.537378000000004,-120.03848500000001,Santa Barbara<br>CA<br>00130,Santa Barbara,00130,2018
229,228.0,229.0,CA,Santa Clara,San Jose,"1,781,642","3,341.343","1,290.100",36.175,13.967,"3,377.518","1,304.067",37.220777000000005,-121.69062199999999,Santa Clara<br>CA<br>00099,Santa Clara,00099,2018
230,230.0,231.0,CA,Shasta,Redding,"177,223","9,778.247","3,775.402",186.531,72.020,"9,964.778","3,847.422",40.760521999999995,-122.04355,Shasta<br>CA<br>00196,Shasta,00196,2018
232,232.0,233.0,CA,Siskiyou,Yreka,"44,900","16,259.652","6,277.887",179.889,69.456,"16,439.542","6,347.343",41.587986,-122.53328700000002,Siskiyou<br>CA<br>00180,Siskiyou,00180,2018
233,233.0,234.0,CA,Solano,Fairfield,"413,344","2,128.361",821.765,218.666,84.427,"2,347.027",906.192,38.267226,-121.939594,Solano<br>CA<br>00123,Solano,00123,2018
234,234.0,235.0,CA,Sonoma,Santa Rosa,"483,878","4,081.430","1,575.849",497.530,192.098,"4,578.960","1,767.947",38.532574,-122.945194,Sonoma<br>CA<br>00128,Sonoma,00128,2018
235,235.0,236.0,CA,Stanislaus,Modesto,"514,453","3,871.583","1,494.827",51.437,19.860,"3,923.020","1,514.687",37.562384,-121.002656,Stanislaus<br>CA<br>00186,Stanislaus,00186,2018
236,236.0,237.0,CA,Sutter,Yuba City,"94,737","1,560.236",602.410,15.747,6.080,"1,575.983",608.490,39.035257,-121.702758,Sutter<br>CA<br>00161,Sutter,00161,2018
237,237.0,238.0,CA,Tehama,Red Bluff,"63,463","7,639.710","2,949.709",32.276,12.462,"7,671.986","2,962.171",40.126156,-122.232276,Tehama<br>CA<br>00190,Tehama,00190,2018
239,239.0,240.0,CA,Tulare,Visalia,"442,179","12,494.658","4,824.215",37.392,14.437,"12,532.050","4,838.652",36.230453000000004,-118.780542,Tulare<br>CA<br>00188,Tulare,00188,2018
241,241.0,242.0,CA,Ventura,Ventura,"823,318","4,773.692","1,843.133",945.992,365.249,"5,719.684","2,208.382",34.358742,-119.13314299999999,Ventura<br>CA<br>00130,Ventura,00130,2018
242,242.0,243.0,CA,Yolo,Woodland,"200,849","2,628.032","1,014.689",22.969,8.868,"2,651.002","1,023.557",38.679268,-121.903178,Yolo<br>CA<br>00123,Yolo,00123,2018
243,243.0,244.0,CA,Yuba,Marysville,"72,155","1,636.454",631.839,30.999,11.969,"1,667.453",643.808,39.270026,-121.34428,Yuba<br>CA<br>00207,Yuba,00207,2018
244,244.0,245.0,CO,Adams,Brighton,"441,603","3,024.208","1,167.653",42.070,16.243,"3,066.278","1,183.896",39.874325,-104.331872,Adams<br>CO<br>00132,Adams,00132,2018
245,245.0,246.0,CO,Alamosa,Alamosa,"15,445","1,871.637",722.643,1.808,0.698,"1,873.445",723.341,37.568442,-105.78804099999999,Alamosa<br>CO<br>00197,Alamosa,00197,2018
250,250.0,251.0,CO,Boulder,Boulder,"294,567","1,881.080",726.289,36.469,14.081,"1,917.549",740.370,40.094826,-105.39838200000001,Boulder<br>CO<br>00102,Boulder,00102,2018
251,251.0,252.0,CO,Broomfield,Broomfield,"55,889",85.558,33.034,1.466,0.566,87.024,33.600,39.953383,-105.052125,Broomfield<br>CO<br>00094,Broomfield,00094,2018
267,267.0,268.0,CO,Garfield,Glenwood Springs,"56,389","7,634.154","2,947.563",21.431,8.274,"7,655.584","2,955.837",39.599352,-107.90978,Garfield<br>CO<br>00115,Garfield,00115,2018
285,279.0,280.0,CO,Larimer,Fort Collins,"299,630","6,723.613","2,596.002",98.295,37.952,"6,821.909","2,633.954",40.663090999999994,-105.48213100000001,Larimer<br>CO<br>00113,Larimer,00113,2018
287,283.0,284.0,CO,Mesa,Grand Junction,"146,723","8,622.003","3,328.974",31.467,12.149,"8,653.470","3,341.123",39.019492,-108.46183700000002,Mesa<br>CO<br>00167,Mesa,00167,2018
292,289.0,290.0,CO,Otero,La Junta,"18,831","3,268.465","1,261.961",20.052,7.742,"3,288.518","1,269.703",37.884170000000005,-103.72126,Otero<br>CO<br>00211,Otero,00211,2018
295,293.0,294.0,CO,Pitkin,Aspen,"17,148","2,514.094",970.697,6.469,2.498,"2,520.564",973.195,39.217533,-106.915943,Pitkin<br>CO<br>00045,Pitkin,00045,2018
297,295.0,296.0,CO,Pueblo,Pueblo,"159,063","6,179.981","2,386.104",30.280,11.691,"6,210.261","2,397.795",38.170658,-104.48989300000001,Pueblo<br>CO<br>00122,Pueblo,00122,2018
300,298.0,299.0,CO,Routt,Steamboat Springs,"23,509","6,117.619","2,362.026",15.826,6.110,"6,133.445","2,368.136",40.48316,-106.985289,Routt<br>CO<br>00080,Routt,00080,2018
306,304.0,305.0,CO,Teller,Cripple Creek,"23,350","1,442.767",557.055,4.945,1.909,"1,447.712",558.964,38.871994,-105.182552,Teller<br>CO<br>00136,Teller,00136,2018
307,306.0,307.0,CO,Weld,Greeley,"252,825","10,326.899","3,987.238",76.554,29.558,"10,403.453","4,016.796",40.555794,-104.383649,Weld<br>CO<br>00123,Weld,00123,2018
317,317.0,318.0,DE,New Castle,Wilmington,"538,479","1,104.075",426.286,175.386,67.717,"1,279.461",494.003,39.575915,-75.644132,New Castle<br>DE<br>00148,New Castle,00148,2018
442,393.0,394.0,GA,Barrow,Winder,"69,367",415.199,160.309,6.818,2.632,422.016,162.941,33.992009,-83.712303,Barrow<br>GA<br>00158,Barrow,00158,2018
444,395.0,396.0,GA,Ben Hill,Fitzgerald,"17,634",647.809,250.121,9.807,3.787,657.616,253.908,31.740776,-83.14719000000001,Ben Hill<br>GA<br>00241,Ben Hill,00241,2018
450,402.0,403.0,GA,Bulloch,Statesboro,"70,217","1,742.568",672.809,40.963,15.816,"1,783.532",688.625,32.393408,-81.74381,Bulloch<br>GA<br>00179,Bulloch,00179,2018
453,406.0,407.0,GA,Camden,Woodbine,"50,513","1,587.728",613.025,437.293,168.840,"2,025.021",781.865,30.916358000000002,-81.636516,Camden<br>GA<br>00210,Camden,00210,2018
455,409.0,410.0,GA,Catoosa,Ringgold,"63,942",419.991,162.159,0.780,0.301,420.771,162.460,34.899392999999996,-85.137353,Catoosa<br>GA<br>00186,Catoosa,00186,2018
457,411.0,412.0,GA,Chatham,Savannah,"265,128","1,104.466",426.437,533.086,205.826,"1,637.551",632.263,31.974756,-81.091768,Chatham<br>GA<br>00183,Chatham,00183,2018
458,412.0,413.0,GA,Chattahoochee,Cusseta,"11,267",644.224,248.736,6.293,2.430,650.516,251.166,32.347445,-84.788021,Chattahoochee<br>GA<br>00172,Chattahoochee,00172,2018
462,419.0,420.0,GA,Cobb,Marietta,"688,078",879.428,339.549,12.868,4.969,892.297,344.518,33.93994,-84.574166,Cobb<br>GA<br>00136,Cobb,00136,2018
463,421.0,422.0,GA,Colquitt,Moultrie,"45,498","1,409.351",544.153,32.338,12.486,"1,441.689",556.639,31.189758,-83.769741,Colquitt<br>GA<br>00187,Colquitt,00187,2018
465,424.0,425.0,GA,Coweta,Newnan,"127,317","1,141.905",440.892,12.755,4.925,"1,154.660",445.817,33.352897,-84.76213800000001,Coweta<br>GA<br>00176,Coweta,00176,2018
466,426.0,427.0,GA,Crisp,Cordele,"23,439",705.988,272.583,21.672,8.368,727.660,280.951,31.914753,-83.753338,Crisp<br>GA<br>00177,Crisp,00177,2018
476,439.0,440.0,GA,Emanuel,Swainsboro,"22,598","1,762.756",680.604,24.807,9.578,"1,787.562",690.182,32.5911,-82.299763,Emanuel<br>GA<br>00289,Emanuel,00289,2018
484,450.0,451.0,GA,Gordon,Calhoun,"55,186",921.539,355.808,5.788,2.235,927.327,358.043,34.509667,-84.873862,Gordon<br>GA<br>00222,Gordon,00222,2018
486,453.0,454.0,GA,Gwinnett,Lawrenceville,"805,321","1,114.687",430.383,16.556,6.392,"1,131.243",436.775,33.959101000000004,-84.022938,Gwinnett<br>GA<br>00127,Gwinnett,00127,2018
502,479.0,480.0,GA,Lumpkin,Dahlonega,"29,966",732.793,282.933,3.273,1.264,736.066,284.197,34.568149,-83.998828,Lumpkin<br>GA<br>00185,Lumpkin,00185,2018
503,480.0,481.0,GA,McDuffie,Thomson,"21,875",666.820,257.461,23.121,8.927,689.941,266.388,33.482464,-82.47318800000001,McDuffie<br>GA<br>00213,McDuffie,00213,2018
516,507.0,508.0,GA,Richmond,Augusta,"200,549",840.000,324.326,11.047,4.265,851.047,328.591,33.361487,-82.074998,Richmond<br>GA<br>00226,Richmond,00226,2018
517,508.0,509.0,GA,Rockdale,Conyers,"85,215",336.162,129.793,5.970,2.305,342.132,132.098,33.652081,-84.02637,Rockdale<br>GA<br>00163,Rockdale,00163,2018
520,512.0,513.0,GA,Spalding,Griffin,"64,073",508.852,196.469,8.085,3.122,516.937,199.591,33.262389,-84.286067,Spalding<br>GA<br>00208,Spalding,00208,2018
529,523.0,524.0,GA,Tift,Tifton,"40,118",670.586,258.915,25.575,9.875,696.161,268.790,31.457003000000004,-83.525931,Tift<br>GA<br>00227,Tift,00227,2018
530,524.0,525.0,GA,Toombs,Lyons,"27,223",942.768,364.005,18.099,6.988,960.867,370.993,32.126698,-82.332071,Toombs<br>GA<br>00246,Toombs,00246,2018
537,534.0,535.0,GA,Ware,Waycross,"36,312","2,311.462",892.461,40.216,15.527,"2,351.678",907.988,31.050881,-82.42150699999999,Ware<br>GA<br>00245,Ware,00245,2018
547,547.0,548.0,HI,Honolulu,Honolulu,"953,207","1,555.917",600.743,"3,955.761","1,527.328","5,511.678","2,128.071",21.461364,-158.201976,Honolulu<br>HI<br>00126,Honolulu,00126,2018
550,550.0,551.0,HI,Maui,Wailuku,"154,834","3,008.326","1,161.521","3,203.317","1,236.808","6,211.643","2,398.329",20.855930999999998,-156.60155,Maui<br>HI<br>00112,Maui,00112,2018
648,604.0,605.0,IL,Champaign,Urbana,"201,081","2,580.316",996.266,5.509,2.127,"2,585.825",998.393,40.13915,-88.197201,Champaign<br>IL<br>00133,Champaign,00133,2018
654,616.0,617.0,IL,DuPage,Wheaton,"916,924",848.218,327.499,23.083,8.913,871.302,336.412,41.852058,-88.086038,DuPage<br>IL<br>00125,DuPage,00125,2018
666,640.0,641.0,IL,Kankakee,Kankakee,"113,449","1,752.271",676.556,12.452,4.808,"1,764.723",681.364,41.139494,-87.861125,Kankakee<br>IL<br>00209,Kankakee,00209,2018
681,666.0,667.0,IL,Peoria,Peoria,"186,494","1,603.745",619.209,29.499,11.390,"1,633.244",630.599,40.785999,-89.767358,Peoria<br>IL<br>00166,Peoria,00166,2018
693,693.0,694.0,IL,Will,Joliet,"677,560","2,167.581",836.908,31.904,12.318,"2,199.485",849.226,41.448474,-87.97845600000001,Will<br>IL<br>00159,Will,00159,2018
762,736.0,737.0,IN,Jennings,Vernon,"28,525",975.346,376.583,4.564,1.762,979.910,378.345,38.996234,-85.628111,Jennings<br>IN<br>00208,Jennings,00208,2018
927,890.0,891.0,KS,Atchison,Atchison,"16,924","1,116.730",431.172,6.858,2.648,"1,123.587",433.820,39.532544,-95.31339799999999,Atchison<br>KS<br>00182,Atchison,00182,2018
930,893.0,894.0,KS,Bourbon,Fort Scott,"15,173","1,645.862",635.471,9.378,3.621,"1,655.239",639.092,37.8561,-94.850928,Bourbon<br>KS<br>00212,Bourbon,00212,2018
936,905.0,906.0,KS,Cowley,Winfield,"36,311","2,915.680","1,125.750",17.291,6.676,"2,932.971","1,132.426",37.234507,-96.83724699999999,Cowley<br>KS<br>00178,Cowley,00178,2018
962,954.0,955.0,KS,Neosho,Erie,"16,512","1,480.106",571.472,16.374,6.322,"1,496.481",577.794,37.564283,-95.31568299999999,Neosho<br>KS<br>00208,Neosho,00208,2018
975,968.0,969.0,KS,Riley,Manhattan,"71,115","1,579.300",609.771,31.558,12.185,"1,610.859",621.956,39.291211,-96.727489,Riley<br>KS<br>00140,Riley,00140,2018
992,992.0,993.0,KS,Wyandotte,Kansas City,"157,505",392.642,151.600,11.895,4.593,404.538,156.193,39.115384000000006,-94.763087,Wyandotte<br>KS<br>00171,Wyandotte,00171,2018
1113,1113.0,1114.0,LA,Acadia,Crowley,"61,773","1,696.751",655.119,6.049,2.335,"1,702.799",657.454,30.291496999999996,-92.411037,Acadia<br>LA<br>00247,Acadia,00247,2018
1131,1115.0,1116.0,LA,Ascension,Donaldsonville,"107,215",751.047,289.981,33.165,12.805,784.212,302.786,30.202946,-90.910023,Ascension<br>LA<br>00189,Ascension,00189,2018
1136,1120.0,1121.0,LA,Bossier,Benton,"116,979","2,175.738",840.057,70.351,27.163,"2,246.089",867.220,32.696202,-93.617977,Bossier<br>LA<br>00195,Bossier,00195,2018
1137,1121.0,1122.0,LA,Caddo,Shreveport,"254,969","2,275.405",878.539,150.957,58.285,"2,426.362",936.824,32.577195,-93.882423,Caddo<br>LA<br>00170,Caddo,00170,2018
1138,1122.0,1123.0,LA,Calcasieu,Lake Charles,"192,768","2,754.864","1,063.659",79.292,30.615,"2,834.157","1,094.274",30.229559000000002,-93.35801500000001,Calcasieu<br>LA<br>00297,Calcasieu,00297,2018
1144,1129.0,1130.0,LA,East Baton Rouge,Baton Rouge,"440,171","1,179.412",455.374,38.491,14.861,"1,217.903",470.235,30.544002000000003,-91.093174,East Baton Rouge<br>LA<br>00211,East Baton Rouge,00211,2018
1147,1132.0,1133.0,LA,Evangeline,Ville Platte,"33,984","1,715.550",662.378,44.668,17.246,"1,760.218",679.624,30.720693,-92.40408599999999,Evangeline<br>LA<br>00221,Evangeline,00221,2018
1148,1135.0,1136.0,LA,Iberia,New Iberia,"73,240","1,486.940",574.111,"1,182.115",456.417,"2,669.056","1,030.528",29.606013,-91.842706,Iberia<br>LA<br>00261,Iberia,00261,2018
1149,1136.0,1137.0,LA,Iberville,Plaquemine,"33,387","1,602.236",618.627,88.658,34.231,"1,690.895",652.858,30.288394,-91.36315,Iberville<br>LA<br>00173,Iberville,00173,2018
1151,1141.0,1142.0,LA,Lafourche,Lafayette,"96,318","2,766.662","1,068.214","1,051.775",406.093,"3,818.438","1,474.307",29.491993,-90.394849,Lafourche<br>LA<br>00182,Lafourche,00182,2018
1152,1146.0,1147.0,LA,Morehouse,Bastrop,"27,979","2,058.870",794.934,28.879,11.150,"2,087.749",806.084,32.820008,-91.800399,Morehouse<br>LA<br>00263,Morehouse,00263,2018
1153,1147.0,1148.0,LA,Natchitoches,Natchitoches,"39,566","3,243.312","1,252.250",121.064,46.743,"3,364.376","1,298.993",31.734982000000002,-93.086106,Natchitoches<br>LA<br>00217,Natchitoches,00217,2018
1154,1148.0,1149.0,LA,Orleans,New Orleans,"343,829",438.803,169.423,468.240,180.789,907.044,350.212,30.068635999999998,-89.93900699999999,Orleans<br>LA<br>00188,Orleans,00188,2018
1155,1150.0,1151.0,LA,Plaquemines,Pointe a la Hache,"23,042","2,019.961",779.911,"4,629.053","1,787.287","6,649.014","2,567.198",29.402337,-89.298489,Plaquemines<br>LA<br>00186,Plaquemines,00186,2018
1160,1156.0,1157.0,LA,St. Bernard,Chalmette,"35,897",977.764,377.517,"4,611.616","1,780.555","5,589.381","2,158.072",29.91811,-89.263494,St. Bernard<br>LA<br>00204,St. Bernard,00204,2018
1161,1157.0,1158.0,LA,St. Charles,Hahnville,"52,780",722.821,279.083,340.703,131.546,"1,063.524",410.629,29.913833,-90.359314,St. Charles<br>LA<br>00192,St. Charles,00192,2018
1165,1161.0,1162.0,LA,St. Landry,Opelousas,"83,384","2,392.837",923.879,39.115,15.102,"2,431.952",938.981,30.583440999999997,-91.989275,St. Landry<br>LA<br>00290,St. Landry,00290,2018
1166,1162.0,1163.0,LA,St. Martin,St. Martinville,"52,160","1,910.498",737.648,204.201,78.842,"2,114.699",816.490,30.121433000000003,-91.61148100000001,St. Martin<br>LA<br>00250,St. Martin,00250,2018
1168,1164.0,1165.0,LA,St. Tammany,Covington,"233,740","2,189.967",845.551,721.668,278.638,"2,911.635","1,124.189",30.410021999999998,-89.951962,St. Tammany<br>LA<br>00172,St. Tammany,00172,2018
1169,1165.0,1166.0,LA,Tangipahoa,Amite,"121,097","2,049.392",791.275,82.863,31.994,"2,132.255",823.269,30.621581,-90.406633,Tangipahoa<br>LA<br>00236,Tangipahoa,00236,2018
1171,1167.0,1168.0,LA,Terrebonne,Houma,"111,860","3,190.386","1,231.815","2,202.157",850.258,"5,392.543","2,082.073",29.333266,-90.84419100000001,Terrebonne<br>LA<br>00198,Terrebonne,00198,2018
1194,1194.0,1195.0,MD,Anne Arundel,Annapolis,"537,656","1,074.591",414.902,447.805,172.899,"1,522.396",587.801,38.993373999999996,-76.560511,Anne Arundel<br>MD<br>00158,Anne Arundel,00158,2018
1205,1199.0,1200.0,MD,Cecil,Elkton,"101,108",896.843,346.273,185.351,71.564,"1,082.194",417.837,39.562352000000004,-75.94158399999999,Cecil<br>MD<br>00202,Cecil,00202,2018
1206,1200.0,1201.0,MD,Charles,La Plata,"146,551","1,185.564",457.749,479.716,185.219,"1,665.280",642.968,38.472853,-77.015427,Charles<br>MD<br>00163,Charles,00163,2018
1208,1202.0,1203.0,MD,Frederick,Frederick,"233,385","1,709.965",660.221,18.537,7.157,"1,728.502",667.378,39.470427,-77.397627,Frederick<br>MD<br>00154,Frederick,00154,2018
1210,1204.0,1205.0,MD,Harford,Bel Air,"244,826","1,132.055",437.089,231.944,89.554,"1,363.999",526.643,39.537428999999996,-76.299789,Harford<br>MD<br>00166,Harford,00166,2018
1211,1208.0,1209.0,MD,Prince George's,Upper Marlboro,"863,420","1,250.164",482.691,41.816,16.145,"1,291.980",498.836,38.82588,-76.847272,Prince George's<br>MD<br>00168,Prince George's,00168,2018
1213,1210.0,1211.0,MD,St. Mary's,Princess Anne,"105,151",925.092,357.180,"1,054.310",407.071,"1,979.402",764.251,38.222666,-76.53427099999999,St. Mary's<br>MD<br>00156,St. Mary's,00156,2018
1217,1217.0,1218.0,MA,Barnstable,Barnstable,"215,888","1,019.738",393.723,"2,361.588",911.814,"3,381.326","1,305.537",41.798819,-70.211083,Barnstable<br>MA<br>00132,Barnstable,00132,2018
1218,1218.0,1219.0,MA,Berkshire,Pittsfield,"131,219","2,400.465",926.825,50.772,19.603,"2,451.238",946.428,42.375314,-73.213948,Berkshire<br>MA<br>00151,Berkshire,00151,2018
1225,1223.0,1224.0,MA,Hampden,Springfield,"463,490","1,598.386",617.140,44.317,17.111,"1,642.703",634.251,42.136198,-72.635648,Hampden<br>MA<br>00160,Hampden,00160,2018
1228,1226.0,1227.0,MA,Nantucket,Nantucket,"10,172",116.471,44.970,669.992,258.686,786.464,303.656,41.305878,-70.14191,Nantucket<br>MA<br>00141,Nantucket,00141,2018
1234,1234.0,1235.0,MI,Alpena,Alpena,"29,598","1,481.111",571.860,"2,908.717","1,123.062","4,389.828","1,694.922",44.894954,-83.426574,Alpena<br>MI<br>00232,Alpena,00232,2018
1266,1253.0,1254.0,MI,Eaton,Charlotte,"107,759","1,489.696",575.175,11.028,4.258,"1,500.724",579.433,42.589614000000005,-84.846524,Eaton<br>MI<br>00166,Eaton,00166,2018
1267,1255.0,1256.0,MI,Genesee,Flint,"425,790","1,649.764",636.977,32.659,12.610,"1,682.423",649.587,43.021077000000005,-83.706372,Genesee<br>MI<br>00216,Genesee,00216,2018
1270,1258.0,1259.0,MI,Grand Traverse,Traverse City,"86,986","1,202.612",464.331,354.786,136.984,"1,557.398",601.315,44.718688,-85.553848,Grand Traverse<br>MI<br>00149,Grand Traverse,00149,2018
1275,1263.0,1264.0,MI,Ingham,Mason,"280,895","1,440.344",556.120,11.894,4.592,"1,452.238",560.712,42.603534,-84.373811,Ingham<br>MI<br>00163,Ingham,00163,2018
1280,1269.0,1270.0,MI,Kalamazoo,Kalamazoo,"250,331","1,454.689",561.658,48.274,18.639,"1,502.963",580.297,42.246266,-85.532854,Kalamazoo<br>MI<br>00159,Kalamazoo,00159,2018
1283,1274.0,1275.0,MI,Lapeer,Lapeer,"88,319","1,665.397",643.014,51.363,19.831,"1,716.760",662.845,43.088633,-83.224325,Lapeer<br>MI<br>00211,Lapeer,00211,2018
1285,1276.0,1277.0,MI,Lenawee,Adrian,"99,892","1,941.338",749.555,30.701,11.854,"1,972.039",761.409,41.895915,-84.06685300000001,Lenawee<br>MI<br>00210,Lenawee,00210,2018
1288,1280.0,1281.0,MI,Macomb,Mount Clemens,"840,978","1,241.183",479.223,237.313,91.627,"1,478.496",570.850,42.671467,-82.91086899999999,Macomb<br>MI<br>00198,Macomb,00198,2018
1289,1281.0,1282.0,MI,Manistee,Manistee,"24,733","1,404.160",542.149,"1,912.485",738.415,"3,316.645","1,280.564",44.350384999999996,-86.602967,Manistee<br>MI<br>00165,Manistee,00165,2018
1291,1284.0,1285.0,MI,Mecosta,Big Rapids,"42,798","1,437.627",555.071,41.760,16.123,"1,479.386",571.194,43.635295,-85.332751,Mecosta<br>MI<br>00197,Mecosta,00197,2018
1292,1285.0,1286.0,MI,Menominee,Menominee,"24,029","2,704.153","1,044.079",761.800,294.133,"3,465.953","1,338.212",45.544174,-87.50989200000001,Menominee<br>MI<br>00203,Menominee,00203,2018
1297,1291.0,1292.0,MI,Muskegon,Muskegon,"172,188","1,293.041",499.246,"2,488.405",960.779,"3,781.446","1,460.025",43.289258000000004,-86.751892,Muskegon<br>MI<br>00157,Muskegon,00157,2018
1299,1293.0,1294.0,MI,Oakland,Pontiac,"1,202,362","2,247.237",867.663,102.644,39.631,"2,349.881",907.294,42.660452,-83.38421,Oakland<br>MI<br>00183,Oakland,00183,2018
1310,1308.0,1309.0,MI,Shiawassee,Centreville,"70,648","1,374.423",530.668,26.624,10.280,"1,401.047",540.948,42.951545,-84.14635200000001,Shiawassee<br>MI<br>00192,Shiawassee,00192,2018
1312,1311.0,1312.0,MI,Washtenaw,Ann Arbor,"344,791","1,828.442",705.965,42.615,16.454,"1,871.057",722.419,42.252327,-83.844634,Washtenaw<br>MI<br>00159,Washtenaw,00159,2018
1313,1313.0,1314.0,MI,Wexford,Cadillac,"32,735","1,463.348",565.002,27.101,10.464,"1,490.449",575.466,44.331375,-85.57004599999999,Wexford<br>MI<br>00154,Wexford,00154,2018
1451,1404.0,1405.0,MS,Attala,Kosciusko,"19,564","1,903.594",734.982,4.421,1.707,"1,908.016",736.689,33.09047,-89.588622,Attala<br>MS<br>00205,Attala,00205,2018
1471,1459.0,1460.0,MS,Prentiss,Booneville,"25,276","1,074.794",414.980,8.338,3.219,"1,083.132",418.199,34.620866,-88.52224,Prentiss<br>MS<br>00247,Prentiss,00247,2018
1476,1469.0,1470.0,MS,Tate,Senatobia,"28,886","1,048.320",404.759,16.093,6.213,"1,064.413",410.972,34.649553000000004,-89.943105,Tate<br>MS<br>00265,Tate,00265,2018
1628,1612.0,1613.0,MT,Flathead,Kalispell,"90,928","13,176.979","5,087.660",437.136,168.779,"13,614.115","5,256.439",48.314696000000005,-114.05431899999999,Flathead<br>MT<br>00149,Flathead,00149,2018
1738,1719.0,1720.0,NE,Otoe,Nebraska City,"15,740","1,594.476",615.631,8.775,3.388,"1,603.251",619.019,40.637992,-96.131027,Otoe<br>NE<br>00142,Otoe,00142,2018
1742,1730.0,1731.0,NE,Sarpy,Papillion,"158,840",618.982,238.990,22.100,8.533,641.082,247.523,41.115064000000004,-96.109125,Sarpy<br>NE<br>00130,Sarpy,00130,2018
1744,1732.0,1733.0,NE,Scotts Bluff,Gering,"36,970","1,915.039",739.401,15.438,5.961,"1,930.477",745.362,41.851589000000004,-103.70586,Scotts Bluff<br>NE<br>00144,Scotts Bluff,00144,2018
1764,1764.0,1765.0,NH,Belknap,Laconia,"60,088","1,036.596",400.232,177.025,68.350,"1,213.621",468.582,43.519109,-71.425366,Belknap<br>NH<br>00182,Belknap,00182,2018
1768,1766.0,1767.0,NH,Cheshire,Keene,"77,117","1,830.242",706.660,58.115,22.439,"1,888.357",729.099,42.925455,-72.24821700000001,Cheshire<br>NH<br>00147,Cheshire,00147,2018
1770,1768.0,1769.0,NH,Grafton,Woodsville,"89,118","4,425.641","1,708.749",105.662,40.796,"4,531.303","1,749.545",43.926488,-71.842264,Grafton<br>NH<br>00144,Grafton,00144,2018
1771,1770.0,1771.0,NH,Merrimack,Concord,"146,445","2,419.350",934.116,57.836,22.331,"2,477.186",956.447,43.299485,-71.68013,Merrimack<br>NH<br>00148,Merrimack,00148,2018
1773,1772.0,1773.0,NH,Strafford,Dover,"123,143",955.641,368.975,38.919,15.027,994.559,384.002,43.293177,-71.035927,Strafford<br>NH<br>00156,Strafford,00156,2018
1774,1774.0,1775.0,NJ,Atlantic,Mays Landing,"274,549","1,439.268",555.704,300.755,116.122,"1,740.023",671.826,39.469353999999996,-74.633758,Atlantic<br>NJ<br>00208,Atlantic,00208,2018
1775,1775.0,1776.0,NJ,Bergen,Hackensack,"905,116",603.490,233.009,35.385,13.662,638.875,246.671,40.95909,-74.074522,Bergen<br>NJ<br>00135,Bergen,00135,2018
1776,1776.0,1777.0,NJ,Burlington,Mount Holly Township,"448,734","2,068.303",798.576,55.069,21.262,"2,123.372",819.838,39.875786,-74.66300600000001,Burlington<br>NJ<br>00166,Burlington,00166,2018
1787,1778.0,1779.0,NJ,Cape May,Cape May Court House,"97,265",651.187,251.425,955.684,368.992,"1,606.871",620.417,39.086143,-74.847716,Cape May<br>NJ<br>00205,Cape May,00205,2018
1789,1782.0,1783.0,NJ,Hudson,Jersey City,"634,266",119.634,46.191,41.756,16.122,161.390,62.313,40.731384000000006,-74.078627,Hudson<br>NJ<br>00147,Hudson,00147,2018
1791,1786.0,1787.0,NJ,Monmouth,Freehold Borough,"630,380","1,214.167",468.793,509.002,196.527,"1,723.169",665.320,40.287056,-74.152446,Monmouth<br>NJ<br>00161,Monmouth,00161,2018
1792,1788.0,1789.0,NJ,Ocean,Toms River,"576,567","1,628.535",628.781,742.342,286.620,"2,370.877",915.401,39.86585,-74.26302700000001,Ocean<br>NJ<br>00200,Ocean,00200,2018
1793,1789.0,1790.0,NJ,Passaic,Paterson,"501,226",478.093,184.593,32.407,12.512,510.500,197.105,41.033763,-74.300308,Passaic<br>NJ<br>00158,Passaic,00158,2018
1795,1795.0,1796.0,NM,Bernalillo,Albuquerque,"662,564","3,006.531","1,160.828",16.471,6.360,"3,023.002","1,167.188",35.054002000000004,-106.66906499999999,Bernalillo<br>NM<br>00149,Bernalillo,00149,2018
1798,1798.0,1799.0,NM,Cibola,Grants,"27,213","11,757.199","4,539.480",5.830,2.251,"11,763.029","4,541.731",34.93205,-108.00025500000001,Cibola<br>NM<br>00158,Cibola,00158,2018
1816,1810.0,1811.0,NM,Los Alamos,Los Alamos,"17,950",282.740,109.167,0.230,0.089,282.970,109.256,35.870047,-106.30796799999999,Los Alamos<br>NM<br>00120,Los Alamos,00120,2018
1817,1811.0,1812.0,NM,Luna,Deming,"25,095","7,679.802","2,965.188",0.432,0.167,"7,680.234","2,965.355",32.184482,-107.74663899999999,Luna<br>NM<br>00198,Luna,00198,2018
1818,1812.0,1813.0,NM,McKinley,Gallup,"71,492","14,114.941","5,449.809",14.161,5.467,"14,129.101","5,455.276",35.573732,-108.255307,McKinley<br>NM<br>00138,McKinley,00138,2018
1822,1818.0,1819.0,NM,Sandoval,Aztec,"131,561","9,610.540","3,710.650",13.708,5.293,"9,624.248","3,715.943",35.685072999999996,-106.882618,Sandoval<br>NM<br>00130,Sandoval,00130,2018
1823,1821.0,1822.0,NM,Santa Fe,Santa Fe,"144,170","4,945.359","1,909.414",3.775,1.457,"4,949.134","1,910.871",35.513721999999994,-105.96644099999999,Santa Fe<br>NM<br>00104,Santa Fe,00104,2018
1824,1823.0,1824.0,NM,Socorro,Socorro,"17,866","17,214.818","6,646.679",5.360,2.070,"17,220.178","6,648.749",33.991614,-106.939003,Socorro<br>NM<br>00177,Socorro,00177,2018
1827,1827.0,1828.0,NM,Valencia,Los Lunas,"76,569","2,761.380","1,066.175",5.489,2.119,"2,766.870","1,068.294",34.716840000000005,-106.806582,Valencia<br>NM<br>00152,Valencia,00152,2018
1860,1831.0,1832.0,NY,Broome,Binghamton,"200,600","1,827.926",705.766,25.249,9.749,"1,853.174",715.515,42.161977,-75.830291,Broome<br>NY<br>00171,Broome,00171,2018
1861,1832.0,1833.0,NY,Cattaraugus,Little Valley,"80,317","3,388.612","1,308.350",36.610,14.135,"3,425.222","1,322.485",42.244853000000006,-78.68100600000001,Cattaraugus<br>NY<br>00226,Cattaraugus,00226,2018
1863,1835.0,1836.0,NY,Chemung,Elmira,"88,830","1,055.036",407.352,8.877,3.427,"1,063.913",410.779,42.155281,-76.747179,Chemung<br>NY<br>00206,Chemung,00206,2018
1865,1839.0,1840.0,NY,Cortland,Cortland,"49,336","1,291.783",498.760,7.144,2.758,"1,298.927",501.518,42.593824,-76.076265,Cortland<br>NY<br>00158,Cortland,00158,2018
1866,1841.0,1842.0,NY,Dutchess,Poughkeepsie,"297,488","2,060.672",795.630,76.969,29.718,"2,137.640",825.348,41.755009,-73.739951,Dutchess<br>NY<br>00179,Dutchess,00179,2018
1868,1849.0,1850.0,NY,Herkimer,Herkimer,"64,519","3,655.689","1,411.470",120.400,46.487,"3,776.090","1,457.957",43.461635,-74.894694,Herkimer<br>NY<br>00174,Herkimer,00174,2018
1871,1859.0,1860.0,NY,Niagara,Lockport,"216,469","1,352.904",522.359,"1,598.827",617.310,"2,951.730","1,139.669",43.456731,-78.79214300000001,Niagara<br>NY<br>00215,Niagara,00215,2018
1872,1861.0,1862.0,NY,Onondaga,Syracuse,"467,026","2,016.020",778.390,70.521,27.228,"2,086.541",805.618,43.00653,-76.196117,Onondaga<br>NY<br>00153,Onondaga,00153,2018
1873,1862.0,1863.0,NY,Ontario,Canandaigua,"107,931","1,668.122",644.065,47.814,18.461,"1,715.936",662.526,42.856695,-77.30327700000001,Ontario<br>NY<br>00140,Ontario,00140,2018
1874,1865.0,1866.0,NY,Oswego,Oswego,"122,109","2,464.761",951.650,933.518,360.433,"3,398.279","1,312.083",43.461443,-76.20925799999999,Oswego<br>NY<br>00198,Oswego,00198,2018
1876,1869.0,1870.0,NY,Rensselaer,Troy,"159,429","1,689.789",652.431,33.571,12.962,"1,723.361",665.393,42.710421000000004,-73.51384499999999,Rensselaer<br>NY<br>00177,Rensselaer,00177,2018
1878,1871.0,1872.0,NY,Rockland,New City,"311,687",449.493,173.550,66.800,25.792,516.293,199.342,41.154785,-74.024772,Rockland<br>NY<br>00142,Rockland,00142,2018
1879,1872.0,1873.0,NY,St. Lawrence,Canton,"111,944","6,942.145","2,680.377",365.349,141.062,"7,307.494","2,821.439",44.488113,-75.074311,St. Lawrence<br>NY<br>00190,St. Lawrence,00190,2018
1880,1873.0,1874.0,NY,Saratoga,Ballston Spa,"219,607","2,097.849",809.984,87.603,33.824,"2,185.452",843.808,43.106134999999995,-73.855387,Saratoga<br>NY<br>00150,Saratoga,00150,2018
1881,1874.0,1875.0,NY,Schenectady,Schenectady,"154,727",529.694,204.516,12.614,4.870,542.308,209.386,42.817541999999996,-74.043583,Schenectady<br>NY<br>00184,Schenectady,00184,2018
1885,1882.0,1883.0,NY,Tompkins,Ithaca,"101,564","1,229.334",474.649,43.795,16.909,"1,273.129",491.558,42.453281,-76.473712,Tompkins<br>NY<br>00140,Tompkins,00140,2018
1886,1883.0,1884.0,NY,Ulster,Kingston,"182,493","2,911.756","1,124.235",94.600,36.525,"3,006.355","1,160.760",41.947232,-74.265447,Ulster<br>NY<br>00164,Ulster,00164,2018
1887,1887.0,1888.0,NY,Westchester,White Plains,"949,113","1,114.982",430.497,179.999,69.498,"1,294.982",499.995,41.152770000000004,-73.745912,Westchester<br>NY<br>00146,Westchester,00146,2018
2017,1997.0,1998.0,ND,Burleigh,Bismarck,"81,308","4,228.552","1,632.653",92.317,35.644,"4,320.870","1,668.297",46.971843,-100.462001,Burleigh<br>ND<br>00106,Burleigh,00106,2018
2024,2007.0,2008.0,ND,Grand Forks,Grand Forks,"66,861","3,720.197","1,436.376",8.098,3.127,"3,728.295","1,439.503",47.926003,-97.450851,Grand Forks<br>ND<br>00154,Grand Forks,00154,2018
2124,2115.0,2116.0,OH,Scioto,Portsmouth,"79,499","1,580.445",610.213,15.370,5.935,"1,595.815",616.148,38.815019,-82.99902800000001,Scioto<br>OH<br>00278,Scioto,00278,2018
2130,2130.0,2131.0,OH,Wyandot,Upper Sandusky,"22,615","1,053.775",406.865,1.784,0.689,"1,055.559",407.554,40.840121999999994,-83.313172,Wyandot<br>OH<br>00169,Wyandot,00169,2018
2178,2155.0,2156.0,OK,Garvin,Pauls Valley,"27,576","2,077.483",802.121,29.962,11.568,"2,107.445",813.689,34.70935,-97.31272299999999,Garvin<br>OK<br>00240,Garvin,00240,2018
2182,2166.0,2167.0,OK,Kay,Newkirk,"46,562","2,382.087",919.729,65.364,25.237,"2,447.451",944.966,36.814842,-97.143755,Kay<br>OK<br>00228,Kay,00228,2018
2185,2170.0,2171.0,OK,Le Flore,Poteau,"50,384","4,116.046","1,589.214",50.019,19.312,"4,166.064","1,608.526",34.899642,-94.703491,Le Flore<br>OK<br>00275,Le Flore,00275,2018
2188,2175.0,2176.0,OK,McCurtain,Madill,"33,151","4,791.492","1,850.005",135.637,52.370,"4,927.129","1,902.375",34.117073,-94.766086,McCurtain<br>OK<br>00285,McCurtain,00285,2018
2191,2181.0,2182.0,OK,Muskogee,Muskogee,"70,990","2,099.057",810.450,75.963,29.329,"2,175.020",839.779,35.617551,-95.383911,Muskogee<br>OK<br>00331,Muskogee,00331,2018
2194,2185.0,2186.0,OK,Oklahoma,Oklahoma City,"718,633","1,835.832",708.819,24.745,9.554,"1,860.577",718.373,35.554611,-97.409401,Oklahoma<br>OK<br>00207,Oklahoma,00207,2018
2200,2196.0,2197.0,OK,Rogers,Claremore,"86,905","1,749.880",675.632,92.889,35.865,"1,842.769",711.497,36.378082,-95.601337,Rogers<br>OK<br>00252,Rogers,00252,2018
2201,2198.0,2199.0,OK,Sequoyah,Sallisaw,"42,391","1,743.765",673.271,105.881,40.881,"1,849.646",714.152,35.502435,-94.750757,Sequoyah<br>OK<br>00272,Sequoyah,00272,2018
2203,2202.0,2203.0,OK,Tulsa,Tulsa,"603,403","1,476.931",570.246,43.439,16.772,"1,520.370",587.018,36.120121000000005,-95.941731,Tulsa<br>OK<br>00242,Tulsa,00242,2018
2204,2203.0,2204.0,OK,Wagoner,Wagoner,"73,085","1,454.422",561.555,75.422,29.121,"1,529.844",590.676,35.963479,-95.5141,Wagoner<br>OK<br>00207,Wagoner,00207,2018
2228,2210.0,2211.0,OR,Clackamas,Oregon City,"375,992","4,844.112","1,870.322",31.827,12.289,"4,875.940","1,882.611",45.160493,-122.195127,Clackamas<br>OR<br>00117,Clackamas,00117,2018
2230,2214.0,2215.0,OR,Crook,Prineville,"20,978","7,715.798","2,979.086",21.193,8.183,"7,736.991","2,987.269",44.163053999999995,-120.37158500000001,Crook<br>OR<br>00170,Crook,00170,2018
2234,2221.0,2222.0,OR,Hood River,Hood River,"22,346","1,351.841",521.949,29.107,11.238,"1,380.948",533.187,45.511775,-121.655976,Hood River<br>OR<br>00159,Hood River,00159,2018
2235,2224.0,2225.0,OR,Josephine,Grants Pass,"82,713","4,246.720","1,639.668",5.644,2.179,"4,252.364","1,641.847",42.385382,-123.597245,Josephine<br>OR<br>00128,Josephine,00128,2018
2236,2225.0,2226.0,OR,Klamath,Klamath Falls,"66,380","15,387.252","5,941.052",503.746,194.497,"15,890.998","6,135.549",42.683761,-121.64616799999999,Klamath<br>OR<br>00166,Klamath,00166,2018
2240,2237.0,2238.0,OR,Umatilla,Pendleton,"75,889","8,328.130","3,215.509",41.174,15.897,"8,369.304","3,231.406",45.5912,-118.73388,Umatilla<br>OR<br>00131,Umatilla,00131,2018
2242,2240.0,2241.0,OR,Wasco,The Dalles,"25,213","6,168.106","2,381.519",35.947,13.879,"6,204.053","2,395.398",45.164536,-121.16506899999999,Wasco<br>OR<br>00175,Wasco,00175,2018
2243,2243.0,2244.0,OR,Yamhill,McMinnville,"99,193","1,854.069",715.860,6.430,2.483,"1,860.499",718.343,45.248138,-123.31611699999999,Yamhill<br>OR<br>00149,Yamhill,00149,2018
2279,2245.0,2246.0,PA,Allegheny,Pittsburgh,"1,223,348","1,890.884",730.075,37.419,14.448,"1,928.303",744.523,40.468920000000004,-79.98092,Allegheny<br>PA<br>00185,Allegheny,00185,2018
2282,2249.0,2250.0,PA,Berks,Reading,"411,442","2,218.342",856.506,23.956,9.249,"2,242.297",865.755,40.413957,-75.92685999999999,Berks<br>PA<br>00174,Berks,00174,2018
2283,2250.0,2251.0,PA,Blair,Hollidaysburg,"127,089","1,361.815",525.800,3.286,1.269,"1,365.101",527.069,40.497926,-78.31064,Blair<br>PA<br>00199,Blair,00199,2018
2284,2252.0,2253.0,PA,Bucks,Doylestown,"625,249","1,565.149",604.307,45.498,17.567,"1,610.646",621.874,40.336887,-75.10706,Bucks<br>PA<br>00139,Bucks,00139,2018
2286,2257.0,2258.0,PA,Centre,Bellefonte,"153,990","2,874.683","1,109.921",7.879,3.042,"2,882.561","1,112.963",40.90916,-77.84783,Centre<br>PA<br>00152,Centre,00152,2018
2289,2260.0,2261.0,PA,Clearfield,Clearfield,"81,642","2,964.816","1,144.722",23.934,9.241,"2,988.750","1,153.963",41.000249,-78.473749,Clearfield<br>PA<br>00190,Clearfield,00190,2018
2290,2265.0,2266.0,PA,Dauphin,Harrisburg,"268,100","1,359.865",525.047,85.810,33.131,"1,445.674",558.178,40.412565,-76.79263399999999,Dauphin<br>PA<br>00180,Dauphin,00180,2018
2292,2274.0,2275.0,PA,Huntingdon,Huntingdon,"45,913","2,265.305",874.639,37.883,14.627,"2,303.189",889.266,40.422321000000004,-77.96858399999999,Huntingdon<br>PA<br>00166,Huntingdon,00166,2018
2293,2275.0,2276.0,PA,Indiana,Indiana,"88,880","2,141.998",827.030,18.814,7.264,"2,160.812",834.294,40.651432,-79.08754499999999,Indiana<br>PA<br>00176,Indiana,00176,2018
2295,2278.0,2279.0,PA,Lackawanna,Scranton,"214,437","1,189.006",459.078,15.105,5.832,"1,204.112",464.910,41.44025,-75.609587,Lackawanna<br>PA<br>00217,Lackawanna,00217,2018
2297,2282.0,2283.0,PA,Lehigh,Allentown,"349,497",893.976,345.166,7.960,3.073,901.936,348.239,40.614241,-75.590627,Lehigh<br>PA<br>00150,Lehigh,00150,2018
2298,2283.0,2284.0,PA,Luzerne,Wilkes-Barre,"320,918","2,305.951",890.333,41.264,15.932,"2,347.214",906.265,41.172787,-75.976035,Luzerne<br>PA<br>00202,Luzerne,00202,2018
2299,2284.0,2285.0,PA,Lycoming,Williamsport,"116,111","3,182.045","1,228.594",39.473,15.241,"3,221.518","1,243.835",41.343624,-77.05525300000001,Lycoming<br>PA<br>00157,Lycoming,00157,2018
2306,2297.0,2298.0,PA,Schuylkill,Pottsville,"148,289","2,016.652",778.634,10.829,4.181,"2,027.481",782.815,40.70369,-76.2178,Schuylkill<br>PA<br>00245,Schuylkill,00245,2018
2309,2304.0,2305.0,PA,Venango,Franklin,"54,984","1,746.387",674.284,22.149,8.552,"1,768.536",682.836,41.40198,-79.754418,Venango<br>PA<br>00201,Venango,00201,2018
2317,2317.0,2318.0,SC,Aiken,Aiken,"160,099","2,773.965","1,071.034",24.764,9.562,"2,798.729","1,080.596",33.549316999999995,-81.63387,Aiken<br>SC<br>00168,Aiken,00168,2018
2340,2323.0,2324.0,SC,Berkeley,Moncks Corner,"177,843","2,846.025","1,098.857",337.683,130.380,"3,183.708","1,229.237",33.2077,-79.953655,Berkeley<br>SC<br>00143,Berkeley,00143,2018
2341,2325.0,2326.0,SC,Charleston,Charleston,"350,209","2,372.659",916.089,"1,144.535",441.907,"3,517.194","1,357.996",32.800458,-79.94248,Charleston<br>SC<br>00140,Charleston,00140,2018
2345,2331.0,2332.0,SC,Darlington,Darlington,"68,681","1,453.380",561.153,14.637,5.652,"1,468.018",566.805,34.332184999999996,-79.96211600000001,Darlington<br>SC<br>00273,Darlington,00273,2018
2346,2332.0,2333.0,SC,Dillon,Dillon,"32,062","1,048.614",404.872,4.455,1.720,"1,053.069",406.592,34.390172,-79.374964,Dillon<br>SC<br>00240,Dillon,00240,2018
2350,2338.0,2339.0,SC,Greenville,Greenville,"451,225","2,033.451",785.120,25.241,9.746,"2,058.692",794.866,34.892645,-82.372077,Greenville<br>SC<br>00155,Greenville,00155,2018
2352,2341.0,2342.0,SC,Horry,Conway,"269,291","2,936.777","1,133.896",313.664,121.106,"3,250.441","1,255.002",33.909269,-78.976675,Horry<br>SC<br>00178,Horry,00178,2018
2353,2343.0,2344.0,SC,Kershaw,Camden,"61,697","1,881.788",726.562,35.828,13.833,"1,917.616",740.395,34.338356,-80.590885,Kershaw<br>SC<br>00163,Kershaw,00163,2018
2354,2347.0,2348.0,SC,Lexington,Lexington,"262,391","1,810.175",698.913,152.334,58.816,"1,962.509",757.729,33.892554,-81.272853,Lexington<br>SC<br>00159,Lexington,00159,2018
2356,2350.0,2351.0,SC,Marlboro,McCormick,"28,933","1,242.350",479.674,14.504,5.600,"1,256.854",485.274,34.601805,-79.677942,Marlboro<br>SC<br>00323,Marlboro,00323,2018
2357,2351.0,2352.0,SC,Newberry,Newberry,"37,508","1,631.788",630.037,44.675,17.249,"1,676.463",647.286,34.28973,-81.600053,Newberry<br>SC<br>00172,Newberry,00172,2018
2360,2357.0,2358.0,SC,Spartanburg,Spartanburg,"284,307","2,092.519",807.926,29.310,11.317,"2,121.829",819.243,34.933239,-81.99105300000001,Spartanburg<br>SC<br>00181,Spartanburg,00181,2018
2502,2449.0,2450.0,TN,Dickson,Charlotte,"49,666","1,268.824",489.896,3.689,1.424,"1,272.513",491.320,36.145533,-87.36415500000001,Dickson<br>TN<br>00254,Dickson,00254,2018
2503,2450.0,2451.0,TN,Dyer,Dyersburg,"38,335","1,326.920",512.327,36.781,14.201,"1,363.701",526.528,36.054196000000005,-89.398306,Dyer<br>TN<br>00324,Dyer,00324,2018
2506,2456.0,2457.0,TN,Grainger,Rutledge,"22,657",726.752,280.600,56.615,21.859,783.367,302.459,36.277463,-83.509493,Grainger<br>TN<br>00195,Grainger,00195,2018
2510,2480.0,2481.0,TN,Loudon,Loudon,"48,556",593.665,229.216,47.020,18.154,640.685,247.370,35.73745,-84.316204,Loudon<br>TN<br>00141,Loudon,00141,2018
2619,2525.0,2526.0,TX,Angelina,Lufkin,"86,771","2,066.235",797.778,173.343,66.928,"2,239.579",864.706,31.251951000000002,-94.611056,Angelina<br>TX<br>00193,Angelina,00193,2018
2623,2530.0,2531.0,TX,Austin,Bellville,"28,417","1,674.449",646.508,25.577,9.875,"1,700.026",656.383,29.891901,-96.27017,Austin<br>TX<br>00190,Austin,00190,2018
2628,2535.0,2536.0,TX,Bee,Beeville,"31,861","2,279.809",880.239,0.246,0.095,"2,280.056",880.334,28.416077,-97.742586,Bee<br>TX<br>00225,Bee,00225,2018
2629,2537.0,2538.0,TX,Bexar,San Antonio,"1,714,773","3,211.120","1,239.820",42.128,16.266,"3,253.247","1,256.086",29.448671,-98.520147,Bexar<br>TX<br>00171,Bexar,00171,2018
2634,2542.0,2543.0,TX,Brazoria,Angleton,"313,166","3,516.430","1,357.701",649.793,250.886,"4,166.222","1,608.587",29.167818,-95.434647,Brazoria<br>TX<br>00169,Brazoria,00169,2018
2639,2549.0,2550.0,TX,Burnet,Burnet,"42,750","2,575.117",994.258,69.941,27.004,"2,645.057","1,021.262",30.789616,-98.201195,Burnet<br>TX<br>00143,Burnet,00143,2018
2644,2560.0,2561.0,TX,Childress,Childress,"7,041","1,803.680",696.405,44.835,17.311,"1,848.515",713.716,34.529337,-100.208336,Childress<br>TX<br>00211,Childress,00211,2018
2648,2565.0,2566.0,TX,Collin,McKinney,"782,341","2,178.762",841.225,116.236,44.879,"2,294.997",886.104,33.193884999999995,-96.578153,Collin<br>TX<br>00122,Collin,00122,2018
2651,2568.0,2569.0,TX,Comal,New Braunfels,"108,472","1,449.037",559.476,39.890,15.402,"1,488.927",574.878,29.803019,-98.255201,Comal<br>TX<br>00161,Comal,00161,2018
2654,2572.0,2573.0,TX,Coryell,Gatesville,"75,388","2,724.839","1,052.066",12.146,4.690,"2,736.985","1,056.756",31.391177000000003,-97.798022,Coryell<br>TX<br>00194,Coryell,00194,2018
2659,2578.0,2579.0,TX,Dallam,Dalhart,"6,703","3,893.424","1,503.259",5.183,2.001,"3,898.607","1,505.260",36.28637,-102.59402,Dallam<br>TX<br>00179,Dallam,00179,2018
2661,2583.0,2584.0,TX,Denton,Denton,"662,614","2,275.129",878.432,193.071,74.545,"2,468.200",952.977,33.205005,-97.119046,Denton<br>TX<br>00121,Denton,00121,2018
2662,2584.0,2585.0,TX,DeWitt,Cuero,"20,097","2,354.235",908.975,3.920,1.514,"2,358.155",910.489,29.082341999999997,-97.36165600000001,DeWitt<br>TX<br>00184,DeWitt,00184,2018
2668,2594.0,2595.0,TX,Erath,Stephenville,"37,890","2,805.142","1,083.071",17.445,6.736,"2,822.587","1,089.807",32.238136,-98.22237700000001,Erath<br>TX<br>00201,Erath,00201,2018
2672,2601.0,2602.0,TX,Fort Bend,Richmond,"585,375","2,231.225",861.481,61.797,23.860,"2,293.022",885.341,29.526602,-95.771015,Fort Bend<br>TX<br>00122,Fort Bend,00122,2018
2674,2604.0,2605.0,TX,Frio,Pearsall,"17,217","2,935.751","1,133.500",2.194,0.847,"2,937.944","1,134.347",28.869334000000002,-99.108788,Frio<br>TX<br>00221,Frio,00221,2018
2676,2606.0,2607.0,TX,Galveston,Galveston,"291,309",979.943,378.358,"1,283.211",495.450,"2,263.154",873.808,29.228706,-94.894865,Galveston<br>TX<br>00172,Galveston,00172,2018
2682,2614.0,2615.0,TX,Gregg,Longview,"121,730",707.851,273.303,6.373,2.461,714.224,275.764,32.486397,-94.816276,Gregg<br>TX<br>00217,Gregg,00217,2018
2683,2615.0,2616.0,TX,Grimes,Anderson,"26,604","2,039.510",787.459,36.633,14.144,"2,076.143",801.603,30.543231,-95.98808199999999,Grimes<br>TX<br>00213,Grimes,00213,2018
2688,2632.0,2633.0,TX,Hockley,Levelland,"22,935","2,352.724",908.392,0.446,0.172,"2,353.170",908.564,33.605932,-102.343398,Hockley<br>TX<br>00154,Hockley,00154,2018
2689,2633.0,2634.0,TX,Hood,Granbury,"51,182","1,089.456",420.641,41.925,16.187,"1,131.381",436.828,32.430149,-97.831677,Hood<br>TX<br>00156,Hood,00156,2018
2695,2647.0,2648.0,TX,Jim Wells,Alice,"40,838","2,240.251",864.966,8.740,3.374,"2,248.991",868.340,27.733515999999998,-98.090814,Jim Wells<br>TX<br>00274,Jim Wells,00274,2018
2697,2651.0,2652.0,TX,Kaufman,Kaufman,"103,350","2,022.001",780.699,69.830,26.961,"2,091.831",807.660,32.598944,-96.28837800000001,Kaufman<br>TX<br>00225,Kaufman,00225,2018
2699,2655.0,2656.0,TX,Kerr,Kerrville,"49,625","2,857.581","1,103.318",10.250,3.958,"2,867.831","1,107.276",30.053928000000003,-99.351968,Kerr<br>TX<br>00149,Kerr,00149,2018
2704,2662.0,2663.0,TX,Lamb,Paris,"13,977","2,631.898","1,016.181",3.974,1.534,"2,635.871","1,017.715",34.068862,-102.34801800000001,Lamb<br>TX<br>00208,Lamb,00208,2018
2705,2663.0,2664.0,TX,Lampasas,Littlefield,"19,677","1,846.247",712.840,2.833,1.094,"1,849.080",713.934,31.196731,-98.240889,Lampasas<br>TX<br>00131,Lampasas,00131,2018
2711,2674.0,2675.0,TX,Lubbock,Lubbock,"278,831","2,319.591",895.599,13.212,5.101,"2,332.803",900.700,33.611469,-101.81994399999999,Lubbock<br>TX<br>00203,Lubbock,00203,2018
2714,2677.0,2678.0,TX,McLennan,Jefferson,"234,906","2,686.080","1,037.101",59.906,23.130,"2,745.986","1,060.231",31.549493,-97.201472,McLennan<br>TX<br>00177,McLennan,00177,2018
2717,2684.0,2685.0,TX,Maverick,Tilden,"54,258","3,313.264","1,279.258",32.426,12.520,"3,345.690","1,291.778",28.745216999999997,-100.311368,Maverick<br>TX<br>00166,Maverick,00166,2018
2721,2696.0,2697.0,TX,Nacogdoches,Nacogdoches,"64,524","2,451.520",946.537,89.746,34.651,"2,541.266",981.188,31.620559999999998,-94.62025,Nacogdoches<br>TX<br>00169,Nacogdoches,00169,2018
2722,2697.0,2698.0,TX,Navarro,Corsicana,"47,735","2,614.923","1,009.627",197.639,76.309,"2,812.562","1,085.936",32.04845,-96.476908,Navarro<br>TX<br>00208,Navarro,00208,2018
2724,2700.0,2701.0,TX,Nueces,Corpus Christi,"340,223","2,171.658",838.482,847.226,327.116,"3,018.885","1,165.598",27.739406,-97.52164300000001,Nueces<br>TX<br>00158,Nueces,00158,2018
2725,2701.0,2702.0,TX,Ochiltree,Perryton,"10,223","2,376.642",917.627,1.332,0.514,"2,377.974",918.141,36.278744,-100.815864,Ochiltree<br>TX<br>00299,Ochiltree,00299,2018
2729,2708.0,2709.0,TX,Pecos,Fort Stockton,"15,507","12,338.306","4,763.847",2.532,0.978,"12,340.839","4,764.825",30.770894000000002,-102.71986,Pecos<br>TX<br>00148,Pecos,00148,2018
2735,2717.0,2718.0,TX,Reeves,Pecos,"13,783","6,825.588","2,635.375",17.397,6.717,"6,842.985","2,642.092",31.308365999999996,-103.71270600000001,Reeves<br>TX<br>00210,Reeves,00210,2018
2737,2721.0,2722.0,TX,Rockwall,Rockwall,"78,337",329.021,127.036,56.154,21.681,385.175,148.717,32.889216,-96.407501,Rockwall<br>TX<br>00158,Rockwall,00158,2018
2748,2736.0,2737.0,TX,Starr,Rio Grande City,"60,968","3,168.019","1,223.179",15.302,5.908,"3,183.321","1,229.087",26.546335,-98.71580300000001,Starr<br>TX<br>00171,Starr,00171,2018
2753,2742.0,2743.0,TX,Tarrant,Fort Worth,"1,809,034","2,236.736",863.608,100.223,38.696,"2,336.959",902.304,32.772040000000004,-97.291291,Tarrant<br>TX<br>00159,Tarrant,00159,2018
2757,2748.0,2749.0,TX,Tom Green,San Angelo,"110,224","3,941.890","1,521.972",48.105,18.573,"3,989.994","1,540.545",31.401583000000002,-100.46135500000001,Tom Green<br>TX<br>00166,Tom Green,00166,2018
2758,2749.0,2750.0,TX,Travis,Austin,"1,024,266","2,564.612",990.202,84.967,32.806,"2,649.580","1,023.008",30.239513,-97.69126999999999,Travis<br>TX<br>00115,Travis,00115,2018
2762,2754.0,2755.0,TX,Uvalde,Uvalde,"26,405","4,019.520","1,551.946",17.322,6.688,"4,036.843","1,558.634",29.350340000000003,-99.761074,Uvalde<br>TX<br>00176,Uvalde,00176,2018
2768,2763.0,2764.0,TX,Wharton,Wharton,"41,280","2,813.115","1,086.150",21.289,8.220,"2,834.404","1,094.370",29.278481,-96.229675,Wharton<br>TX<br>00218,Wharton,00218,2018
2790,2778.0,2779.0,UT,Box Elder,Brigham City,"49,975","14,880.907","5,745.551","2,547.942",983.766,"17,428.849","6,729.317",41.476021,-113.052922,Box Elder<br>UT<br>00189,Box Elder,00189,2018
2802,2800.0,2801.0,UT,Uintah,Vernal,"32,588","11,602.351","4,479.693",56.187,21.694,"11,658.537","4,501.387",40.125887,-109.517748,Uintah<br>UT<br>00184,Uintah,00184,2018
2803,2801.0,2802.0,UT,Utah,Provo,"516,564","5,188.923","2,003.454",364.307,140.660,"5,553.230","2,144.114",40.120409,-111.668667,Utah<br>UT<br>00156,Utah,00156,2018
2821,2821.0,2822.0,VA,Albemarle,Charlottesville ,"98,970","1,866.600",720.698,14.036,5.419,"1,880.636",726.117,38.024184000000005,-78.553506,Albemarle<br>VA<br>00101,Albemarle,00101,2018
2876,2824.0,2825.0,VA,Amherst,Amherst,"32,353","1,227.484",473.934,12.730,4.915,"1,240.215",478.849,37.630362,-79.147848,Amherst<br>VA<br>00169,Amherst,00169,2018
2879,2827.0,2828.0,VA,Augusta,Staunton ,"73,750","2,504.516",966.999,9.988,3.856,"2,514.504",970.855,38.167807,-79.146682,Augusta<br>VA<br>00142,Augusta,00142,2018
2884,2843.0,2844.0,VA,Culpeper,Culpeper,"46,689",982.211,379.234,8.572,3.310,990.783,382.544,38.485929999999996,-77.956476,Culpeper<br>VA<br>00146,Culpeper,00146,2018
2888,2849.0,2850.0,VA,Fauquier,Warrenton,"65,203","1,676.886",647.449,9.780,3.776,"1,686.665",651.225,38.744103,-77.821585,Fauquier<br>VA<br>00135,Fauquier,00135,2018
2893,2862.0,2863.0,VA,Henrico,Richmond ,"306,935",605.272,233.697,29.035,11.210,634.307,244.907,37.437521000000004,-77.300333,Henrico<br>VA<br>00152,Henrico,00152,2018
2899,2872.0,2873.0,VA,Loudoun,Leesburg,"312,311","1,335.297",515.561,14.445,5.577,"1,349.742",521.138,39.08113,-77.638857,Loudoun<br>VA<br>00102,Loudoun,00102,2018
2907,2890.0,2891.0,VA,Prince Edward,Farmville,"23,368",906.392,349.960,10.040,3.877,916.433,353.837,37.224880999999996,-78.432957,Prince Edward<br>VA<br>00186,Prince Edward,00186,2018
2917,2913.0,2914.0,VA,Wythe,Wytheville,"29,235","1,196.119",461.824,7.312,2.823,"1,203.430",464.647,36.901471,-81.084209,Wythe<br>VA<br>00216,Wythe,00216,2018
2972,2957.0,2958.0,WA,Chelan,Wenatchee,"72,453","7,564.125","2,920.525",189.993,73.357,"7,754.117","2,993.882",47.859891999999995,-120.61854299999999,Chelan<br>WA<br>00115,Chelan,00115,2018
2973,2958.0,2959.0,WA,Clallam,Port Angeles,"71,404","4,502.251","1,738.329","2,414.668",932.309,"6,916.919","2,670.638",48.113009000000005,-123.93061100000001,Clallam<br>WA<br>00129,Clallam,00129,2018
2976,2967.0,2968.0,WA,Grays Harbor,Montesano,"72,797","4,926.226","1,902.027",834.958,322.379,"5,761.184","2,224.406",47.142786,-123.82704299999999,Grays Harbor<br>WA<br>00159,Grays Harbor,00159,2018
2978,2971.0,2972.0,WA,Kitsap,Port Orchard,"251,133","1,022.893",394.941,442.830,170.978,"1,465.723",565.919,47.639687,-122.64963600000002,Kitsap<br>WA<br>00143,Kitsap,00143,2018
2979,2972.0,2973.0,WA,Kittitas,Ellensburg,"40,915","5,949.904","2,297.271",92.370,35.664,"6,042.274","2,332.935",47.124444,-120.67671399999999,Kittitas<br>WA<br>00133,Kittitas,00133,2018
2984,2982.0,2983.0,WA,Skagit,Mount Vernon,"116,901","4,483.795","1,731.203",489.330,188.931,"4,973.125","1,920.134",48.493066,-121.816278,Skagit<br>WA<br>00132,Skagit,00132,2018
2986,2984.0,2985.0,WA,Snohomish,Everett,"713,335","5,406.013","2,087.273",282.371,109.024,"5,688.385","2,196.297",48.054913,-121.76641200000002,Snohomish<br>WA<br>00131,Snohomish,00131,2018
2987,2985.0,2986.0,WA,Spokane,Spokane,"471,221","4,568.199","1,763.791",43.803,16.912,"4,612.001","1,780.703",47.620379,-117.40439199999999,Spokane<br>WA<br>00136,Spokane,00136,2018
2989,2989.0,2990.0,WA,Walla Walla,Walla Walla,"58,781","3,289.619","1,270.129",74.828,28.891,"3,364.447","1,299.020",46.254606,-118.480374,Walla Walla<br>WA<br>00125,Walla Walla,00125,2018
2990,2990.0,2991.0,WA,Whatcom,Bellingham,"201,140","5,456.734","2,106.857","1,027.224",396.614,"6,483.958","2,503.471",48.842653000000006,-121.83643300000001,Whatcom<br>WA<br>00125,Whatcom,00125,2018
2992,2992.0,2993.0,WA,Yakima,Yakima,"243,231","11,125.023","4,295.396",41.131,15.881,"11,166.155","4,311.277",46.456558,-120.740145,Yakima<br>WA<br>00188,Yakima,00188,2018
